listing_id,district,property_type,year,quarter,area_sqm,bedrooms,bathrooms,price_sar,price_per_sqm,building_age_years,furnished,days_on_market,district_zone
1000,Al Nakheel,Apartment,2023,Q2,160,3,3,647000,4043.8,10,Unfurnished,107,North
1001,Al Malaz,Apartment,2022,Q2,141,2,2,439000,3113.5,3,Furnished,157,Central
1002,Al Yasmin,Duplex,2023,Q3,268,4,4,1088000,4059.7,0,Furnished,153,North
1003,Al Dirah,Apartment,2021,Q4,138,2,2,330000,2391.3,2,Unfurnished,160,East/West
1004,Al Munsiyah,Villa,2021,Q1,546,4,4,1998000,3659.3,15,Unfurnished,82,East/West
1005,Al Munsiyah,Apartment,2023,Q2,168,3,3,551000,3279.8,10,Furnished,69,East/West
1006,Al Maather,Apartment,2023,Q1,131,3,3,358000,2732.8,1,Furnished,170,Central
1007,Al Rajhi,Apartment,2024,Q4,161,4,4,478000,2968.9,1,Unfurnished,48,North
1008,Al Batha,Villa,2024,Q3,439,6,6,1897000,4321.2,10,Semi-furnished,28,East/West
1009,Al Yasmin,Duplex,2024,Q1,184,5,5,823000,4472.8,1,Unfurnished,170,North
1010,Al Nakheel,Duplex,2023,Q3,229,4,4,1011000,4414.8,3,Semi-furnished,158,North
1011,Al Narjis,Floor,2022,Q1,369,4,4,939000,2544.7,10,Unfurnished,141,North
1012,Al Aqiq,Studio,2023,Q4,70,0,1,381000,5442.9,1,Furnished,103,East/West
1013,Al Rawdah,Apartment,2024,Q1,138,3,3,586000,4246.4,1,Unfurnished,110,Central
1014,Al Sahafah,Floor,2022,Q3,317,5,5,815000,2571.0,3,Furnished,12,North
1015,Al Olaya,Villa,2022,Q2,429,4,4,2803000,6533.8,0,Furnished,60,Central
1016,Al Aqiq,Apartment,2024,Q2,127,3,3,601000,4732.3,10,Furnished,18,East/West
1017,Al Sulimaniyah,Apartment,2024,Q4,136,2,2,668000,4911.8,10,Semi-furnished,20,Central
1018,Al Sahafah,Apartment,2024,Q2,145,4,4,506000,3489.7,1,Semi-furnished,80,North
1019,Al Maather,Apartment,2021,Q1,113,3,3,296000,2619.5,4,Semi-furnished,163,Central
1020,Al Yasmin,Apartment,2024,Q3,170,4,4,651000,3829.4,20,Semi-furnished,101,North
1021,Al Rabwah,Apartment,2023,Q2,108,2,2,477000,4416.7,0,Unfurnished,166,East/West
1022,Al Aqiq,Apartment,2021,Q2,105,2,2,419000,3990.5,0,Semi-furnished,45,East/West
1023,Al Dirah,Apartment,2021,Q4,151,3,3,356000,2357.6,7,Furnished,72,East/West
1024,Al Arid,Villa,2021,Q1,479,4,4,1872000,3908.1,1,Furnished,168,North
1025,Al Rawdah,Studio,2023,Q3,57,0,1,286000,5017.5,20,Semi-furnished,96,Central
1026,Al Maather,Apartment,2021,Q2,142,3,3,343000,2415.5,5,Furnished,109,Central
1027,Al Rajhi,Apartment,2023,Q4,136,3,3,386000,2838.2,3,Furnished,1,North
1028,Al Wurud,Villa,2023,Q2,383,4,4,2324000,6067.9,0,Semi-furnished,163,Central
1029,Al Maather,Apartment,2023,Q2,177,4,4,513000,2898.3,2,Semi-furnished,175,Central
1030,Al Malaz,Studio,2022,Q2,58,0,1,218000,3758.6,10,Semi-furnished,43,Central
1031,Al Yasmin,Floor,2022,Q4,327,4,4,933000,2853.2,10,Semi-furnished,146,North
1032,Al Narjis,Apartment,2021,Q4,125,2,2,360000,2880.0,10,Unfurnished,55,North
1033,Al Qirawan,Apartment,2022,Q4,163,3,3,546000,3349.7,2,Unfurnished,123,North
1034,Al Maather,Apartment,2021,Q1,176,3,3,452000,2568.2,0,Unfurnished,132,Central
1035,Al Rajhi,Villa,2021,Q4,495,4,4,1768000,3571.7,3,Unfurnished,146,North
1036,Al Sahafah,Apartment,2021,Q3,120,3,3,386000,3216.7,2,Unfurnished,73,North
1037,Al Arid,Villa,2022,Q4,395,5,5,1820000,4607.6,5,Furnished,52,North
1038,Al Sulimaniyah,Duplex,2023,Q4,256,5,5,1360000,5312.5,4,Semi-furnished,144,Central
1039,Al Yasmin,Duplex,2023,Q3,271,4,4,1150000,4243.5,10,Furnished,9,North
1040,Al Rabwah,Villa,2021,Q4,485,6,6,2949000,6080.4,3,Furnished,124,East/West
1041,Al Nakheel,Duplex,2022,Q2,348,3,3,1460000,4195.4,3,Semi-furnished,121,North
1042,Al Maather,Villa,2024,Q4,449,6,6,2172000,4837.4,1,Furnished,115,Central
1043,Al Aqiq,Villa,2022,Q3,368,5,5,2263000,6149.5,2,Unfurnished,98,East/West
1044,Al Wurud,Apartment,2024,Q2,144,3,3,633000,4395.8,2,Unfurnished,12,Central
1045,Al Sulimaniyah,Apartment,2021,Q4,192,4,4,759000,3953.1,10,Semi-furnished,172,Central
1046,Al Sulimaniyah,Villa,2022,Q4,427,6,6,2720000,6370.0,0,Unfurnished,123,Central
1047,Al Hamra,Duplex,2024,Q2,265,5,5,1038000,3917.0,7,Furnished,84,Central
1048,Al Malaz,Apartment,2023,Q2,138,4,4,452000,3275.4,2,Semi-furnished,76,Central
1049,Al Rawdah,Villa,2021,Q3,449,4,4,2429000,5409.8,20,Furnished,4,Central
1050,Al Wurud,Apartment,2024,Q1,121,3,3,567000,4686.0,1,Unfurnished,135,Central
1051,Al Nakheel,Duplex,2022,Q3,255,3,3,1128000,4423.5,7,Semi-furnished,72,North
1052,Al Sahafah,Apartment,2022,Q1,172,3,3,592000,3441.9,4,Unfurnished,13,North
1053,Al Rajhi,Apartment,2024,Q4,155,2,2,460000,2967.7,15,Unfurnished,28,North
1054,Al Yasmin,Duplex,2023,Q4,285,5,5,1306000,4582.5,15,Semi-furnished,16,North
1055,Al Zahra,Apartment,2024,Q4,174,3,3,611000,3511.5,1,Furnished,144,East/West
1056,Al Rajhi,Apartment,2023,Q1,124,3,3,350000,2822.6,3,Unfurnished,44,North
1057,Al Rabwah,Villa,2024,Q4,394,5,5,2765000,7017.8,3,Furnished,120,East/West
1058,Al Munsiyah,Villa,2023,Q4,444,6,6,1897000,4272.5,2,Furnished,130,East/West
1059,Al Rajhi,Apartment,2022,Q2,153,3,3,417000,2725.5,5,Semi-furnished,108,North
1060,Al Nakheel,Studio,2023,Q2,41,0,1,198000,4829.3,7,Furnished,9,North
1061,Al Malaz,Villa,2022,Q4,386,5,5,1753000,4541.5,4,Unfurnished,174,Central
1062,Al Narjis,Floor,2024,Q1,340,3,3,1018000,2994.1,5,Unfurnished,28,North
1063,Al Batha,Floor,2021,Q2,374,5,5,688000,1839.6,3,Semi-furnished,54,East/West
1064,Al Batha,Floor,2023,Q1,365,4,4,818000,2241.1,7,Furnished,32,East/West
1065,Al Rawdah,Apartment,2024,Q4,143,4,4,582000,4069.9,2,Furnished,155,Central
1066,Al Rawdah,Duplex,2023,Q2,184,3,3,832000,4521.7,0,Furnished,26,Central
1067,Al Malaz,Apartment,2023,Q3,144,4,4,443000,3076.4,2,Unfurnished,50,Central
1068,Al Maather,Villa,2021,Q1,425,5,5,1477000,3475.3,0,Semi-furnished,151,Central
1069,Al Batha,Villa,2021,Q3,617,6,6,2097000,3398.7,7,Semi-furnished,33,East/West
1070,Al Batha,Villa,2024,Q1,405,6,6,1669000,4121.0,2,Furnished,29,East/West
1071,Al Sulimaniyah,Duplex,2023,Q4,295,5,5,1613000,5467.8,1,Furnished,140,Central
1072,Al Aqiq,Studio,2021,Q4,66,0,1,309000,4681.8,2,Semi-furnished,113,East/West
1073,Al Malaz,Apartment,2022,Q3,168,4,4,534000,3178.6,20,Unfurnished,44,Central
1074,Al Yasmin,Apartment,2021,Q4,187,2,2,609000,3256.7,20,Unfurnished,28,North
1075,Al Arid,Villa,2023,Q4,308,5,5,1517000,4925.3,5,Unfurnished,166,North
1076,Al Aqiq,Duplex,2022,Q1,230,5,5,1000000,4347.8,1,Furnished,131,East/West
1077,Al Batha,Villa,2024,Q2,375,5,5,1662000,4432.0,5,Unfurnished,82,East/West
1078,Al Rajhi,Studio,2022,Q4,39,0,1,143000,3666.7,10,Unfurnished,147,North
1079,Al Hamra,Floor,2022,Q4,354,3,3,751000,2121.5,15,Unfurnished,95,Central
1080,Al Zahra,Apartment,2022,Q4,117,3,3,360000,3076.9,2,Unfurnished,117,East/West
1081,Al Rajhi,Studio,2024,Q3,70,0,1,272000,3885.7,7,Semi-furnished,180,North
1082,Al Rawdah,Villa,2021,Q1,357,5,5,1982000,5551.8,0,Semi-furnished,53,Central
1083,Al Munsiyah,Villa,2022,Q4,394,5,5,1789000,4540.6,5,Unfurnished,123,East/West
1084,Al Rabwah,Studio,2022,Q2,63,0,1,355000,5634.9,7,Semi-furnished,84,East/West
1085,Al Arid,Duplex,2022,Q1,218,4,4,766000,3513.8,20,Unfurnished,83,North
1086,Al Arid,Apartment,2024,Q4,97,2,2,309000,3185.6,2,Furnished,126,North
1087,Al Olaya,Floor,2024,Q3,361,4,4,1538000,4260.4,10,Furnished,145,Central
1088,Al Qirawan,Villa,2023,Q2,441,5,5,2258000,5120.2,0,Unfurnished,24,North
1089,Al Arid,Apartment,2024,Q2,168,3,3,559000,3327.4,4,Furnished,30,North
1090,Al Rabwah,Floor,2023,Q3,381,3,3,1371000,3598.4,10,Furnished,122,East/West
1091,Al Hamra,Floor,2023,Q1,368,5,5,932000,2532.6,0,Unfurnished,135,Central
1092,Al Narjis,Villa,2023,Q1,366,4,4,1927000,5265.0,15,Unfurnished,165,North
1093,Al Qirawan,Villa,2024,Q3,439,5,5,2602000,5927.1,20,Unfurnished,89,North
1094,Al Nakheel,Apartment,2022,Q4,154,4,4,510000,3311.7,10,Furnished,75,North
1095,Al Nakheel,Studio,2024,Q3,48,0,1,247000,5145.8,3,Furnished,66,North
1096,Al Munsiyah,Villa,2023,Q1,569,5,5,2703000,4750.4,20,Semi-furnished,17,East/West
1097,Al Sahafah,Villa,2021,Q1,458,5,5,2025000,4421.4,1,Semi-furnished,100,North
1098,Al Batha,Apartment,2022,Q3,116,3,3,282000,2431.0,20,Unfurnished,144,East/West
1099,Al Nakheel,Duplex,2021,Q2,319,4,4,1294000,4056.4,2,Furnished,10,North
1100,Al Sulimaniyah,Villa,2021,Q4,497,4,4,3097000,6231.4,4,Semi-furnished,8,Central
1101,Al Aqiq,Apartment,2021,Q1,157,4,4,588000,3745.2,0,Unfurnished,80,East/West
1102,Al Rawdah,Apartment,2022,Q1,138,3,3,490000,3550.7,20,Unfurnished,82,Central
1103,Al Dirah,Villa,2021,Q2,360,5,5,1186000,3294.4,2,Unfurnished,75,East/West
1104,Al Nakheel,Apartment,2023,Q3,143,3,3,592000,4139.9,0,Furnished,78,North
1105,Al Munsiyah,Studio,2021,Q3,58,0,1,203000,3500.0,20,Unfurnished,165,East/West
1106,Al Malaz,Floor,2023,Q3,351,5,5,908000,2586.9,4,Semi-furnished,64,Central
1107,Al Maather,Apartment,2023,Q2,189,4,4,544000,2878.3,1,Unfurnished,56,Central
1108,Al Rajhi,Apartment,2022,Q2,164,4,4,431000,2628.0,7,Furnished,135,North
1109,Al Sahafah,Apartment,2024,Q3,119,3,3,415000,3487.4,2,Semi-furnished,108,North
1110,Al Malaz,Apartment,2021,Q1,113,3,3,343000,3035.4,5,Unfurnished,39,Central
1111,Al Aqiq,Apartment,2024,Q1,159,3,3,784000,4930.8,1,Semi-furnished,10,East/West
1112,Al Sahafah,Apartment,2022,Q2,138,3,3,418000,3029.0,0,Unfurnished,32,North
1113,Al Hamra,Villa,2022,Q3,477,4,4,2255000,4727.5,0,Semi-furnished,156,Central
1114,Al Batha,Villa,2024,Q4,458,6,6,2150000,4694.3,20,Furnished,171,East/West
1115,Al Zahra,Studio,2023,Q1,54,0,1,234000,4333.3,5,Unfurnished,72,East/West
1116,Al Arid,Duplex,2022,Q3,238,3,3,875000,3676.5,4,Semi-furnished,63,North
1117,Al Wurud,Apartment,2022,Q3,100,3,3,370000,3700.0,0,Semi-furnished,114,Central
1118,Al Zahra,Duplex,2024,Q3,291,4,4,1205000,4140.9,4,Unfurnished,144,East/West
1119,Al Batha,Apartment,2021,Q3,108,4,4,258000,2388.9,2,Furnished,117,East/West
1120,Al Rawdah,Villa,2024,Q4,349,5,5,2291000,6564.5,5,Unfurnished,173,Central
1121,Al Zahra,Apartment,2023,Q1,150,3,3,504000,3360.0,3,Unfurnished,95,East/West
1122,Al Yasmin,Apartment,2023,Q4,147,4,4,581000,3952.4,7,Furnished,18,North
1123,Al Hamra,Apartment,2022,Q3,111,2,2,335000,3018.0,20,Unfurnished,71,Central
1124,Al Dirah,Duplex,2021,Q3,334,4,4,864000,2586.8,7,Semi-furnished,180,East/West
1125,Al Aqiq,Apartment,2024,Q3,177,2,2,787000,4446.3,20,Unfurnished,138,East/West
1126,Al Sahafah,Apartment,2022,Q2,160,2,2,556000,3475.0,10,Semi-furnished,160,North
1127,Al Malaz,Duplex,2022,Q4,306,4,4,1172000,3830.1,10,Semi-furnished,30,Central
1128,Al Zahra,Apartment,2023,Q2,160,4,4,523000,3268.8,4,Unfurnished,146,East/West
1129,Al Rabwah,Studio,2022,Q3,94,0,1,516000,5489.4,4,Unfurnished,30,East/West
1130,Al Sahafah,Studio,2022,Q3,65,0,1,299000,4600.0,20,Unfurnished,93,North
1131,Al Nakheel,Apartment,2022,Q3,165,4,4,578000,3503.0,20,Furnished,82,North
1132,Al Munsiyah,Floor,2024,Q1,304,4,4,766000,2519.7,20,Unfurnished,6,East/West
1133,Al Nakheel,Studio,2023,Q2,53,0,1,252000,4754.7,7,Furnished,127,North
1134,Al Zahra,Villa,2021,Q1,605,5,5,2368000,3914.0,20,Unfurnished,77,East/West
1135,Al Arid,Apartment,2021,Q1,89,3,3,248000,2786.5,0,Semi-furnished,108,North
1136,Al Olaya,Villa,2022,Q2,382,4,4,2478000,6486.9,2,Unfurnished,34,Central
1137,Al Rawdah,Villa,2023,Q1,507,6,6,3094000,6102.6,7,Semi-furnished,46,Central
1138,Al Olaya,Apartment,2021,Q3,124,3,3,531000,4282.3,0,Unfurnished,147,Central
1139,Al Yasmin,Studio,2024,Q4,62,0,1,301000,4854.8,10,Unfurnished,53,North
1140,Al Malaz,Duplex,2021,Q3,282,5,5,944000,3347.5,0,Unfurnished,52,Central
1141,Al Malaz,Studio,2023,Q3,48,0,1,215000,4479.2,10,Semi-furnished,70,Central
1142,Al Yasmin,Villa,2024,Q3,258,6,6,1623000,6290.7,3,Semi-furnished,33,North
1143,Al Arid,Apartment,2021,Q3,151,3,3,400000,2649.0,7,Furnished,80,North
1144,Al Zahra,Apartment,2023,Q4,121,3,3,349000,2884.3,7,Unfurnished,145,East/West
1145,Al Yasmin,Floor,2022,Q4,343,3,3,975000,2842.6,10,Unfurnished,69,North
1146,Al Batha,Apartment,2022,Q4,160,3,3,395000,2468.8,5,Unfurnished,72,East/West
1147,Al Narjis,Apartment,2021,Q1,171,3,3,507000,2964.9,0,Semi-furnished,127,North
1148,Al Sahafah,Floor,2023,Q4,322,3,3,889000,2760.9,3,Semi-furnished,81,North
1149,Al Rawdah,Studio,2023,Q3,48,0,1,262000,5458.3,7,Semi-furnished,115,Central
1150,Al Munsiyah,Villa,2021,Q2,319,6,6,1357000,4253.9,2,Unfurnished,85,East/West
1151,Al Maather,Apartment,2021,Q1,173,3,3,442000,2554.9,3,Unfurnished,104,Central
1152,Al Wurud,Floor,2021,Q4,477,5,5,1280000,2683.4,7,Furnished,174,Central
1153,Al Sulimaniyah,Villa,2021,Q1,503,5,5,2934000,5833.0,2,Unfurnished,63,Central
1154,Al Aqiq,Studio,2021,Q3,68,0,1,307000,4514.7,2,Unfurnished,91,East/West
1155,Al Yasmin,Villa,2022,Q2,363,4,4,1783000,4911.8,0,Unfurnished,104,North
1156,Al Sahafah,Duplex,2024,Q1,302,4,4,1329000,4400.7,1,Semi-furnished,74,North
1157,Al Zahra,Apartment,2021,Q2,168,4,4,419000,2494.0,1,Unfurnished,57,East/West
1158,Al Rajhi,Duplex,2023,Q4,118,4,4,386000,3271.2,1,Furnished,81,North
1159,Al Wurud,Apartment,2023,Q4,114,4,4,466000,4087.7,20,Unfurnished,35,Central
1160,Al Yasmin,Villa,2024,Q4,551,4,4,3382000,6137.9,20,Unfurnished,175,North
1161,Al Sahafah,Villa,2021,Q1,306,6,6,1312000,4287.6,4,Semi-furnished,78,North
1162,Al Narjis,Duplex,2024,Q3,352,5,5,1600000,4545.5,5,Unfurnished,52,North
1163,Al Hamra,Villa,2023,Q1,305,6,6,1545000,5065.6,10,Unfurnished,170,Central
1164,Al Wurud,Apartment,2024,Q1,116,2,2,473000,4077.6,2,Unfurnished,83,Central
1165,Al Dirah,Studio,2022,Q3,60,0,1,197000,3283.3,10,Furnished,61,East/West
1166,Al Aqiq,Villa,2023,Q4,426,5,5,3008000,7061.0,0,Unfurnished,56,East/West
1167,Al Olaya,Villa,2023,Q2,389,5,5,2942000,7563.0,7,Unfurnished,152,Central
1168,Al Wurud,Studio,2022,Q1,71,0,1,355000,5000.0,2,Furnished,125,Central
1169,Al Sulimaniyah,Villa,2024,Q1,321,5,5,2437000,7591.9,4,Unfurnished,173,Central
1170,Al Zahra,Studio,2023,Q3,53,0,1,234000,4415.1,2,Furnished,170,East/West
1171,Al Arid,Duplex,2022,Q4,309,5,5,1145000,3705.5,20,Semi-furnished,50,North
1172,Al Nakheel,Villa,2024,Q4,442,5,5,2586000,5850.7,2,Unfurnished,63,North
1173,Al Zahra,Duplex,2024,Q2,249,4,4,936000,3759.0,0,Unfurnished,44,East/West
1174,Al Malaz,Duplex,2022,Q2,251,3,3,846000,3370.5,7,Furnished,139,Central
1175,Al Olaya,Floor,2022,Q4,401,4,4,1444000,3601.0,2,Unfurnished,164,Central
1176,Al Rawdah,Duplex,2022,Q1,325,5,5,1458000,4486.2,20,Unfurnished,90,Central
1177,Al Arid,Studio,2021,Q3,58,0,1,221000,3810.3,20,Unfurnished,89,North
1178,Al Wurud,Studio,2024,Q3,47,0,1,282000,6000.0,10,Unfurnished,130,Central
1179,Al Olaya,Duplex,2023,Q2,252,5,5,1522000,6039.7,2,Unfurnished,18,Central
1180,Al Wurud,Villa,2022,Q1,418,5,5,2376000,5684.2,10,Semi-furnished,55,Central
1181,Al Batha,Apartment,2023,Q2,149,2,2,422000,2832.2,1,Unfurnished,167,East/West
1182,Al Arid,Duplex,2023,Q3,307,4,4,1224000,3987.0,1,Unfurnished,110,North
1183,Al Sulimaniyah,Duplex,2024,Q2,270,3,3,1550000,5740.7,7,Furnished,102,Central
1184,Al Malaz,Studio,2022,Q2,63,0,1,238000,3777.8,7,Unfurnished,88,Central
1185,Al Aqiq,Villa,2021,Q4,485,6,6,2911000,6002.1,0,Unfurnished,146,East/West
1186,Al Olaya,Apartment,2021,Q2,184,2,2,751000,4081.5,7,Unfurnished,11,Central
1187,Al Rawdah,Floor,2024,Q1,351,3,3,1217000,3467.2,10,Semi-furnished,117,Central
1188,Al Sulimaniyah,Apartment,2024,Q4,155,4,4,824000,5316.1,20,Semi-furnished,24,Central
1189,Al Munsiyah,Apartment,2024,Q2,141,3,3,461000,3269.5,4,Unfurnished,77,East/West
1190,Al Hamra,Studio,2022,Q4,47,0,1,174000,3702.1,20,Unfurnished,21,Central
1191,Al Sulimaniyah,Villa,2021,Q2,587,4,4,3470000,5911.4,0,Unfurnished,127,Central
1192,Al Malaz,Apartment,2021,Q4,180,4,4,535000,2972.2,0,Semi-furnished,43,Central
1193,Al Batha,Apartment,2023,Q2,169,3,3,479000,2834.3,2,Furnished,171,East/West
1194,Al Yasmin,Villa,2024,Q4,419,6,6,2339000,5582.3,2,Unfurnished,27,North
1195,Al Hamra,Apartment,2024,Q2,118,3,3,397000,3364.4,15,Unfurnished,175,Central
1196,Al Maather,Villa,2024,Q2,498,5,5,2257000,4532.1,0,Unfurnished,67,Central
1197,Al Maather,Duplex,2022,Q1,273,5,5,798000,2923.1,1,Semi-furnished,131,Central
1198,Al Maather,Apartment,2022,Q3,157,3,3,425000,2707.0,20,Furnished,180,Central
1199,Al Rabwah,Studio,2022,Q4,49,0,1,246000,5020.4,4,Unfurnished,56,East/West
1200,Al Munsiyah,Villa,2024,Q4,440,5,5,2015000,4579.5,3,Unfurnished,102,East/West
1201,Al Qirawan,Duplex,2021,Q3,255,4,4,928000,3639.2,2,Unfurnished,151,North
1202,Al Rabwah,Villa,2023,Q3,382,6,6,2389000,6253.9,10,Unfurnished,26,East/West
1203,Al Maather,Villa,2021,Q1,439,4,4,1772000,4036.4,0,Unfurnished,13,Central
1204,Al Wurud,Apartment,2024,Q3,102,2,2,469000,4598.0,0,Unfurnished,3,Central
1205,Al Aqiq,Duplex,2023,Q1,210,4,4,1143000,5442.9,4,Furnished,112,East/West
1206,Al Narjis,Studio,2023,Q4,48,0,1,242000,5041.7,5,Semi-furnished,41,North
1207,Al Rawdah,Duplex,2021,Q1,269,5,5,1087000,4040.9,4,Unfurnished,127,Central
1208,Al Rawdah,Villa,2024,Q3,489,5,5,2956000,6045.0,15,Unfurnished,103,Central
1209,Al Narjis,Apartment,2021,Q3,140,2,2,437000,3121.4,20,Unfurnished,136,North
1210,Al Hamra,Floor,2023,Q2,349,4,4,786000,2252.1,10,Furnished,178,Central
1211,Al Rawdah,Villa,2023,Q1,397,5,5,2267000,5710.3,2,Semi-furnished,172,Central
1212,Al Hamra,Floor,2023,Q1,369,3,3,930000,2520.3,2,Semi-furnished,78,Central
1213,Al Batha,Duplex,2021,Q3,239,3,3,657000,2749.0,1,Unfurnished,115,East/West
1214,Al Hamra,Apartment,2021,Q1,142,2,2,369000,2598.6,10,Furnished,16,Central
1215,Al Sulimaniyah,Villa,2024,Q1,452,5,5,3608000,7982.3,0,Unfurnished,59,Central
1216,Al Hamra,Apartment,2024,Q4,152,2,2,473000,3111.8,3,Furnished,55,Central
1217,Al Rabwah,Apartment,2022,Q4,145,3,3,595000,4103.4,10,Unfurnished,170,East/West
1218,Al Rabwah,Villa,2022,Q4,422,5,5,2664000,6312.8,20,Unfurnished,112,East/West
1219,Al Rajhi,Villa,2024,Q2,460,5,5,2254000,4900.0,2,Semi-furnished,175,North
1220,Al Arid,Duplex,2024,Q2,388,5,5,1572000,4051.5,2,Semi-furnished,36,North
1221,Al Maather,Apartment,2021,Q4,122,3,3,320000,2623.0,0,Semi-furnished,144,Central
1222,Al Rabwah,Apartment,2023,Q2,211,3,3,896000,4246.4,0,Semi-furnished,87,East/West
1223,Al Hamra,Villa,2024,Q1,355,4,4,1713000,4825.4,7,Unfurnished,117,Central
1224,Al Malaz,Villa,2024,Q3,250,4,4,1356000,5424.0,1,Unfurnished,94,Central
1225,Al Batha,Duplex,2022,Q4,254,5,5,694000,2732.3,5,Unfurnished,63,East/West
1226,Al Olaya,Villa,2023,Q4,447,5,5,3238000,7243.8,2,Unfurnished,38,Central
1227,Al Rabwah,Apartment,2021,Q4,201,4,4,795000,3955.2,0,Unfurnished,5,East/West
1228,Al Rajhi,Villa,2022,Q2,348,5,5,1535000,4410.9,3,Unfurnished,144,North
1229,Al Yasmin,Apartment,2024,Q4,160,2,2,665000,4156.2,3,Furnished,39,North
1230,Al Narjis,Duplex,2021,Q1,214,4,4,838000,3915.9,3,Furnished,156,North
1231,Al Aqiq,Floor,2023,Q4,460,4,4,1625000,3532.6,15,Unfurnished,147,East/West
1232,Al Arid,Studio,2021,Q2,67,0,1,262000,3910.4,0,Unfurnished,26,North
1233,Al Hamra,Villa,2022,Q4,382,6,6,1595000,4175.4,4,Semi-furnished,168,Central
1234,Al Yasmin,Villa,2024,Q3,283,5,5,1828000,6459.4,5,Semi-furnished,172,North
1235,Al Rabwah,Apartment,2024,Q4,186,4,4,916000,4924.7,15,Unfurnished,15,East/West
1236,Al Olaya,Duplex,2022,Q3,274,4,4,1436000,5240.9,2,Semi-furnished,102,Central
1237,Al Rabwah,Villa,2021,Q1,519,4,4,2864000,5518.3,3,Furnished,77,East/West
1238,Al Qirawan,Apartment,2021,Q4,145,3,3,447000,3082.8,15,Furnished,147,North
1239,Al Sahafah,Studio,2023,Q4,55,0,1,276000,5018.2,10,Unfurnished,96,North
1240,Al Dirah,Villa,2023,Q3,384,4,4,1531000,3987.0,20,Semi-furnished,166,East/West
1241,Al Narjis,Studio,2022,Q2,61,0,1,256000,4196.7,10,Unfurnished,89,North
1242,Al Batha,Villa,2024,Q4,430,4,4,1797000,4179.1,4,Furnished,169,East/West
1243,Al Munsiyah,Villa,2024,Q3,461,6,6,2328000,5049.9,7,Unfurnished,12,East/West
1244,Al Maather,Apartment,2024,Q2,99,4,4,284000,2868.7,2,Unfurnished,102,Central
1245,Al Rabwah,Duplex,2021,Q1,344,5,5,1559000,4532.0,20,Furnished,83,East/West
1246,Al Sulimaniyah,Apartment,2022,Q3,192,3,3,832000,4333.3,2,Furnished,120,Central
1247,Al Yasmin,Apartment,2023,Q2,148,4,4,583000,3939.2,1,Furnished,107,North
1248,Al Aqiq,Duplex,2021,Q1,383,3,3,1764000,4605.7,0,Furnished,69,East/West
1249,Al Nakheel,Apartment,2023,Q3,198,3,3,760000,3838.4,20,Furnished,96,North
1250,Al Olaya,Villa,2022,Q4,472,5,5,3362000,7122.9,5,Unfurnished,40,Central
1251,Al Nakheel,Apartment,2021,Q4,186,3,3,591000,3177.4,1,Unfurnished,45,North
1252,Al Dirah,Villa,2023,Q1,505,5,5,1995000,3950.5,3,Unfurnished,142,East/West
1253,Al Qirawan,Villa,2021,Q2,279,4,4,1241000,4448.0,20,Furnished,155,North
1254,Al Batha,Villa,2022,Q4,398,4,4,1518000,3814.1,1,Furnished,11,East/West
1255,Al Hamra,Villa,2024,Q4,477,5,5,2533000,5310.3,0,Furnished,166,Central
1256,Al Wurud,Villa,2024,Q1,550,5,5,3877000,7049.1,1,Semi-furnished,21,Central
1257,Al Dirah,Villa,2023,Q2,310,5,5,1336000,4309.7,0,Unfurnished,63,East/West
1258,Al Aqiq,Duplex,2023,Q2,195,4,4,984000,5046.2,15,Semi-furnished,6,East/West
1259,Al Sulimaniyah,Apartment,2021,Q3,143,2,2,616000,4307.7,2,Unfurnished,103,Central
1260,Al Munsiyah,Apartment,2021,Q1,83,3,3,221000,2662.7,1,Unfurnished,69,East/West
1261,Al Wurud,Apartment,2021,Q4,142,3,3,481000,3387.3,15,Unfurnished,149,Central
1262,Al Batha,Apartment,2021,Q2,156,3,3,343000,2198.7,15,Semi-furnished,140,East/West
1263,Al Arid,Apartment,2024,Q1,117,3,3,389000,3324.8,10,Unfurnished,44,North
1264,Al Munsiyah,Villa,2024,Q2,415,4,4,2095000,5048.2,0,Unfurnished,115,East/West
1265,Al Olaya,Floor,2021,Q4,407,5,5,1246000,3061.4,20,Unfurnished,174,Central
1266,Al Wurud,Duplex,2021,Q1,253,5,5,993000,3924.9,20,Furnished,18,Central
1267,Al Wurud,Villa,2024,Q1,357,5,5,2222000,6224.1,2,Semi-furnished,167,Central
1268,Al Hamra,Duplex,2023,Q3,275,4,4,968000,3520.0,20,Furnished,139,Central
1269,Al Nakheel,Apartment,2022,Q4,114,4,4,401000,3517.5,4,Semi-furnished,38,North
1270,Al Arid,Villa,2021,Q1,577,4,4,2236000,3875.2,15,Unfurnished,17,North
1271,Al Qirawan,Floor,2024,Q1,352,3,3,1040000,2954.5,20,Semi-furnished,101,North
1272,Al Maather,Apartment,2024,Q1,124,3,3,401000,3233.9,15,Semi-furnished,24,Central
1273,Al Hamra,Apartment,2021,Q3,151,2,2,434000,2874.2,15,Unfurnished,24,Central
1274,Al Rajhi,Apartment,2024,Q1,142,3,3,465000,3274.6,0,Unfurnished,32,North
1275,Al Sahafah,Studio,2023,Q3,53,0,1,258000,4867.9,5,Furnished,54,North
1276,Al Sulimaniyah,Studio,2024,Q1,50,0,1,320000,6400.0,3,Unfurnished,144,Central
1277,Al Qirawan,Villa,2021,Q4,374,6,6,1676000,4481.3,15,Unfurnished,70,North
1278,Al Yasmin,Apartment,2022,Q1,100,3,3,342000,3420.0,2,Unfurnished,42,North
1279,Al Yasmin,Apartment,2022,Q3,186,2,2,665000,3575.3,20,Semi-furnished,32,North
1280,Al Qirawan,Villa,2023,Q1,466,5,5,2454000,5266.1,5,Furnished,7,North
1281,Al Malaz,Apartment,2022,Q1,154,4,4,475000,3084.4,1,Furnished,130,Central
1282,Al Rajhi,Apartment,2022,Q2,141,2,2,386000,2737.6,7,Unfurnished,106,North
1283,Al Rajhi,Apartment,2022,Q2,116,4,4,303000,2612.1,7,Unfurnished,161,North
1284,Al Dirah,Duplex,2022,Q2,242,4,4,639000,2640.5,1,Furnished,127,East/West
1285,Al Batha,Apartment,2021,Q2,102,3,3,230000,2254.9,0,Unfurnished,43,East/West
1286,Al Rajhi,Apartment,2021,Q3,126,4,4,298000,2365.1,1,Furnished,47,North
1287,Al Nakheel,Duplex,2021,Q4,226,5,5,937000,4146.0,4,Unfurnished,99,North
1288,Al Nakheel,Studio,2022,Q2,72,0,1,357000,4958.3,0,Furnished,19,North
1289,Al Rajhi,Apartment,2024,Q2,171,2,2,534000,3122.8,20,Semi-furnished,127,North
1290,Al Sulimaniyah,Floor,2022,Q4,355,4,4,1196000,3369.0,1,Furnished,126,Central
1291,Al Maather,Apartment,2023,Q3,119,3,3,356000,2991.6,5,Semi-furnished,28,Central
1292,Al Munsiyah,Apartment,2021,Q3,114,4,4,287000,2517.5,1,Unfurnished,176,East/West
1293,Al Rabwah,Studio,2023,Q4,53,0,1,301000,5679.2,7,Unfurnished,67,East/West
1294,Al Hamra,Apartment,2024,Q1,173,3,3,565000,3265.9,1,Furnished,12,Central
1295,Al Nakheel,Apartment,2023,Q4,202,3,3,849000,4203.0,3,Unfurnished,157,North
1296,Al Rabwah,Villa,2022,Q4,308,6,6,1783000,5789.0,0,Unfurnished,94,East/West
1297,Al Batha,Duplex,2022,Q1,308,4,4,853000,2769.5,10,Furnished,77,East/West
1298,Al Sulimaniyah,Apartment,2022,Q3,125,3,3,513000,4104.0,5,Unfurnished,155,Central
1299,Al Aqiq,Villa,2021,Q4,381,5,5,2074000,5443.6,5,Unfurnished,174,East/West
1300,Al Nakheel,Floor,2021,Q3,353,4,4,892000,2526.9,7,Unfurnished,86,North
1301,Al Yasmin,Apartment,2022,Q4,120,2,2,445000,3708.3,1,Unfurnished,166,North
1302,Al Munsiyah,Apartment,2023,Q3,138,3,3,453000,3282.6,0,Semi-furnished,80,East/West
1303,Al Rajhi,Apartment,2024,Q1,118,3,3,390000,3305.1,10,Semi-furnished,157,North
1304,Al Malaz,Villa,2022,Q1,374,5,5,1652000,4417.1,15,Furnished,35,Central
1305,Al Sahafah,Studio,2022,Q1,63,0,1,280000,4444.4,1,Unfurnished,84,North
1306,Al Hamra,Villa,2021,Q1,428,6,6,1773000,4142.5,3,Semi-furnished,86,Central
1307,Al Maather,Apartment,2022,Q3,168,2,2,431000,2565.5,0,Semi-furnished,141,Central
1308,Al Sahafah,Studio,2022,Q2,48,0,1,202000,4208.3,0,Semi-furnished,117,North
1309,Al Dirah,Studio,2022,Q3,61,0,1,194000,3180.3,15,Unfurnished,40,East/West
1310,Al Arid,Duplex,2024,Q1,199,4,4,746000,3748.7,7,Unfurnished,61,North
1311,Al Narjis,Villa,2023,Q3,424,5,5,2402000,5665.1,10,Semi-furnished,145,North
1312,Al Dirah,Villa,2023,Q2,471,5,5,1789000,3798.3,15,Unfurnished,133,East/West
1313,Al Batha,Duplex,2022,Q3,197,5,5,576000,2923.9,2,Furnished,119,East/West
1314,Al Maather,Apartment,2021,Q4,125,3,3,300000,2400.0,15,Unfurnished,41,Central
1315,Al Qirawan,Duplex,2023,Q4,282,4,4,1075000,3812.1,2,Semi-furnished,85,North
1316,Al Batha,Villa,2021,Q4,501,6,6,1696000,3385.2,2,Furnished,154,East/West
1317,Al Wurud,Floor,2023,Q4,315,5,5,1031000,3273.0,1,Furnished,60,Central
1318,Al Yasmin,Apartment,2021,Q1,161,4,4,511000,3173.9,5,Furnished,142,North
1319,Al Rawdah,Apartment,2024,Q4,188,4,4,786000,4180.9,0,Unfurnished,132,Central
1320,Al Olaya,Studio,2022,Q1,61,0,1,384000,6295.1,15,Unfurnished,19,Central
1321,Al Aqiq,Villa,2022,Q1,404,5,5,2643000,6542.1,10,Unfurnished,61,East/West
1322,Al Wurud,Apartment,2024,Q3,156,3,3,732000,4692.3,1,Unfurnished,24,Central
1323,Al Olaya,Villa,2022,Q1,372,6,6,2435000,6545.7,1,Unfurnished,9,Central
1324,Al Malaz,Duplex,2021,Q1,284,5,5,956000,3366.2,0,Furnished,127,Central
1325,Al Sahafah,Duplex,2021,Q3,272,3,3,1022000,3757.4,5,Furnished,150,North
1326,Al Nakheel,Villa,2021,Q3,447,6,6,2156000,4823.3,5,Semi-furnished,150,North
1327,Al Sahafah,Apartment,2024,Q3,133,3,3,475000,3571.4,7,Unfurnished,43,North
1328,Al Olaya,Duplex,2021,Q4,300,3,3,1515000,5050.0,10,Semi-furnished,116,Central
1329,Al Zahra,Floor,2023,Q3,325,3,3,782000,2406.2,15,Semi-furnished,65,East/West
1330,Al Rajhi,Villa,2021,Q1,490,5,5,1845000,3765.3,7,Unfurnished,162,North
1331,Al Dirah,Apartment,2021,Q3,135,3,3,320000,2370.4,3,Unfurnished,151,East/West
1332,Al Rabwah,Duplex,2022,Q1,178,3,3,843000,4736.0,3,Unfurnished,145,East/West
1333,Al Zahra,Apartment,2024,Q3,115,2,2,368000,3200.0,0,Unfurnished,9,East/West
1334,Al Narjis,Duplex,2021,Q2,281,3,3,986000,3508.9,10,Unfurnished,120,North
1335,Al Hamra,Apartment,2021,Q1,195,3,3,559000,2866.7,0,Unfurnished,44,Central
1336,Al Narjis,Apartment,2022,Q4,170,4,4,612000,3600.0,3,Unfurnished,16,North
1337,Al Rabwah,Villa,2021,Q4,243,6,6,1419000,5839.5,0,Unfurnished,149,East/West
1338,Al Dirah,Floor,2023,Q2,261,3,3,500000,1915.7,10,Semi-furnished,60,East/West
1339,Al Dirah,Villa,2023,Q4,512,5,5,2155000,4209.0,2,Semi-furnished,174,East/West
1340,Al Arid,Villa,2023,Q1,471,6,6,2451000,5203.8,15,Unfurnished,74,North
1341,Al Narjis,Villa,2022,Q1,602,6,6,3236000,5375.4,7,Furnished,75,North
1342,Al Batha,Apartment,2024,Q4,131,3,3,361000,2755.7,10,Unfurnished,78,East/West
1343,Al Batha,Villa,2022,Q2,352,6,6,1392000,3954.5,5,Semi-furnished,91,East/West
1344,Al Hamra,Villa,2022,Q3,426,5,5,1964000,4610.3,10,Furnished,109,Central
1345,Al Aqiq,Apartment,2023,Q2,131,3,3,603000,4603.1,2,Unfurnished,177,East/West
1346,Al Yasmin,Villa,2023,Q1,503,6,6,2674000,5316.1,10,Semi-furnished,52,North
1347,Al Sulimaniyah,Studio,2021,Q1,50,0,1,278000,5560.0,0,Furnished,142,Central
1348,Al Arid,Duplex,2022,Q1,267,4,4,974000,3647.9,10,Furnished,157,North
1349,Al Maather,Studio,2024,Q2,45,0,1,171000,3800.0,3,Semi-furnished,124,Central
1350,Al Maather,Apartment,2023,Q2,168,4,4,501000,2982.1,5,Unfurnished,140,Central
1351,Al Sahafah,Apartment,2022,Q1,117,3,3,393000,3359.0,0,Furnished,48,North
1352,Al Yasmin,Villa,2023,Q1,453,5,5,2466000,5443.7,1,Unfurnished,10,North
1353,Al Dirah,Studio,2023,Q4,74,0,1,251000,3391.9,1,Furnished,13,East/West
1354,Al Aqiq,Apartment,2024,Q1,92,3,3,420000,4565.2,2,Unfurnished,40,East/West
1355,Al Dirah,Villa,2021,Q1,540,5,5,1988000,3681.5,5,Unfurnished,173,East/West
1356,Al Rajhi,Apartment,2021,Q4,153,3,3,386000,2522.9,15,Unfurnished,145,North
1357,Al Zahra,Villa,2023,Q2,330,4,4,1593000,4827.3,20,Semi-furnished,96,East/West
1358,Al Rawdah,Apartment,2022,Q4,148,2,2,564000,3810.8,10,Furnished,124,Central
1359,Al Olaya,Villa,2023,Q1,478,4,4,3813000,7977.0,10,Unfurnished,104,Central
1360,Al Qirawan,Studio,2024,Q4,47,0,1,230000,4893.6,0,Unfurnished,97,North
1361,Al Dirah,Apartment,2021,Q1,159,3,3,365000,2295.6,2,Furnished,138,East/West
1362,Al Zahra,Apartment,2021,Q4,193,3,3,550000,2849.7,3,Semi-furnished,99,East/West
1363,Al Wurud,Apartment,2023,Q1,130,3,3,574000,4415.4,5,Unfurnished,99,Central
1364,Al Rawdah,Apartment,2023,Q2,115,4,4,496000,4313.0,1,Semi-furnished,35,Central
1365,Al Yasmin,Duplex,2021,Q4,274,4,4,1078000,3934.3,0,Unfurnished,88,North
1366,Al Rajhi,Apartment,2022,Q1,147,3,3,406000,2761.9,4,Unfurnished,119,North
1367,Al Batha,Apartment,2023,Q3,178,4,4,475000,2668.5,1,Furnished,134,East/West
1368,Al Sulimaniyah,Apartment,2023,Q2,140,3,3,686000,4900.0,2,Unfurnished,100,Central
1369,Al Yasmin,Villa,2021,Q3,386,5,5,1722000,4461.1,15,Furnished,14,North
1370,Al Olaya,Studio,2021,Q4,45,0,1,251000,5577.8,15,Unfurnished,118,Central
1371,Al Wurud,Apartment,2022,Q3,95,3,3,387000,4073.7,2,Furnished,43,Central
1372,Al Dirah,Duplex,2022,Q4,216,4,4,641000,2967.6,10,Semi-furnished,8,East/West
1373,Al Rabwah,Apartment,2023,Q3,106,3,3,463000,4367.9,15,Unfurnished,85,East/West
1374,Al Zahra,Studio,2021,Q3,52,0,1,172000,3307.7,5,Furnished,118,East/West
1375,Al Munsiyah,Villa,2021,Q3,300,6,6,1128000,3760.0,10,Unfurnished,143,East/West
1376,Al Dirah,Apartment,2022,Q4,64,3,3,167000,2609.4,7,Furnished,34,East/West
1377,Al Munsiyah,Villa,2021,Q2,416,4,4,1613000,3877.4,7,Unfurnished,107,East/West
1378,Al Sulimaniyah,Apartment,2021,Q2,200,3,3,737000,3685.0,0,Furnished,167,Central
1379,Al Aqiq,Floor,2021,Q3,418,5,5,1224000,2928.2,20,Semi-furnished,31,East/West
1380,Al Sulimaniyah,Villa,2022,Q3,398,6,6,2439000,6128.1,5,Furnished,70,Central
1381,Al Nakheel,Apartment,2024,Q2,112,2,2,499000,4455.4,5,Semi-furnished,96,North
1382,Al Nakheel,Apartment,2022,Q1,222,4,4,743000,3346.8,7,Unfurnished,169,North
1383,Al Rabwah,Duplex,2024,Q3,283,5,5,1610000,5689.0,4,Furnished,155,East/West
1384,Al Arid,Villa,2024,Q3,436,4,4,2156000,4945.0,4,Unfurnished,68,North
1385,Al Sahafah,Duplex,2023,Q4,273,3,3,1082000,3963.4,7,Furnished,154,North
1386,Al Sulimaniyah,Villa,2023,Q4,417,6,6,2996000,7184.7,3,Unfurnished,46,Central
1387,Al Arid,Villa,2024,Q2,377,6,6,1820000,4827.6,20,Furnished,92,North
1388,Al Rajhi,Studio,2021,Q2,52,0,1,173000,3326.9,4,Unfurnished,16,North
1389,Al Narjis,Apartment,2021,Q1,190,4,4,589000,3100.0,20,Furnished,140,North
1390,Al Yasmin,Villa,2024,Q1,520,5,5,2952000,5676.9,10,Unfurnished,126,North
1391,Al Dirah,Apartment,2021,Q3,83,3,3,178000,2144.6,20,Semi-furnished,64,East/West
1392,Al Hamra,Villa,2022,Q1,307,5,5,1390000,4527.7,15,Semi-furnished,63,Central
1393,Al Narjis,Apartment,2022,Q4,122,4,4,406000,3327.9,3,Furnished,14,North
1394,Al Arid,Apartment,2021,Q3,173,3,3,440000,2543.4,4,Furnished,62,North
1395,Al Zahra,Duplex,2021,Q4,344,4,4,1026000,2982.6,7,Semi-furnished,122,East/West
1396,Al Qirawan,Studio,2024,Q3,62,0,1,276000,4451.6,0,Unfurnished,148,North
1397,Al Rawdah,Villa,2022,Q4,330,5,5,1735000,5257.6,1,Semi-furnished,123,Central
1398,Al Sahafah,Villa,2022,Q2,378,5,5,1934000,5116.4,1,Furnished,112,North
1399,Al Wurud,Duplex,2021,Q1,304,3,3,1206000,3967.1,3,Unfurnished,162,Central
1400,Al Batha,Studio,2024,Q2,53,0,1,208000,3924.5,0,Unfurnished,77,East/West
1401,Al Maather,Apartment,2023,Q4,134,3,3,408000,3044.8,4,Unfurnished,2,Central
1402,Al Sahafah,Apartment,2021,Q3,134,3,3,419000,3126.9,1,Furnished,173,North
1403,Al Rajhi,Apartment,2024,Q4,180,3,3,536000,2977.8,15,Furnished,33,North
1404,Al Wurud,Floor,2022,Q1,386,4,4,1045000,2707.3,1,Semi-furnished,133,Central
1405,Al Rabwah,Studio,2022,Q4,52,0,1,260000,5000.0,2,Unfurnished,103,East/West
1406,Al Hamra,Apartment,2022,Q1,155,3,3,445000,2871.0,0,Unfurnished,47,Central
1407,Al Munsiyah,Villa,2023,Q3,320,4,4,1577000,4928.1,15,Semi-furnished,36,East/West
1408,Al Batha,Villa,2022,Q3,378,6,6,1383000,3658.7,3,Furnished,111,East/West
1409,Al Zahra,Villa,2022,Q2,504,6,6,2163000,4291.7,0,Unfurnished,57,East/West
1410,Al Arid,Duplex,2024,Q3,202,4,4,823000,4074.3,1,Semi-furnished,23,North
1411,Al Qirawan,Duplex,2021,Q2,310,5,5,1057000,3409.7,0,Semi-furnished,99,North
1412,Al Olaya,Duplex,2021,Q1,176,4,4,837000,4755.7,20,Unfurnished,42,Central
1413,Al Arid,Villa,2022,Q2,556,4,4,2693000,4843.5,2,Semi-furnished,156,North
1414,Al Zahra,Floor,2023,Q4,317,5,5,805000,2539.4,10,Semi-furnished,79,East/West
1415,Al Maather,Apartment,2023,Q4,157,3,3,451000,2872.6,2,Furnished,55,Central
1416,Al Olaya,Villa,2022,Q3,429,4,4,2924000,6815.9,20,Semi-furnished,86,Central
1417,Al Olaya,Duplex,2023,Q2,288,4,4,1531000,5316.0,15,Unfurnished,45,Central
1418,Al Hamra,Studio,2022,Q3,58,0,1,227000,3913.8,10,Semi-furnished,146,Central
1419,Al Narjis,Apartment,2023,Q4,94,3,3,331000,3521.3,2,Unfurnished,112,North
1420,Al Narjis,Duplex,2024,Q2,289,3,3,1415000,4896.2,20,Furnished,176,North
1421,Al Arid,Apartment,2024,Q1,139,3,3,476000,3424.5,4,Unfurnished,57,North
1422,Al Rabwah,Floor,2024,Q1,318,3,3,1054000,3314.5,1,Unfurnished,98,East/West
1423,Al Yasmin,Apartment,2023,Q4,122,2,2,485000,3975.4,10,Unfurnished,133,North
1424,Al Malaz,Apartment,2021,Q2,151,4,4,413000,2735.1,1,Unfurnished,135,Central
1425,Al Maather,Villa,2023,Q4,342,5,5,1511000,4418.1,15,Furnished,21,Central
1426,Al Sulimaniyah,Apartment,2022,Q3,176,2,2,724000,4113.6,20,Unfurnished,125,Central
1427,Al Dirah,Apartment,2021,Q2,159,3,3,331000,2081.8,5,Semi-furnished,180,East/West
1428,Al Malaz,Apartment,2022,Q1,153,3,3,477000,3117.6,20,Semi-furnished,137,Central
1429,Al Zahra,Duplex,2021,Q4,329,4,4,1054000,3203.6,4,Unfurnished,54,East/West
1430,Al Rabwah,Apartment,2022,Q3,90,3,3,367000,4077.8,15,Unfurnished,13,East/West
1431,Al Wurud,Villa,2023,Q3,318,6,6,1854000,5830.2,1,Furnished,155,Central
1432,Al Dirah,Apartment,2021,Q4,161,3,3,339000,2105.6,2,Unfurnished,58,East/West
1433,Al Nakheel,Villa,2021,Q1,362,4,4,1864000,5149.2,0,Furnished,6,North
1434,Al Hamra,Duplex,2023,Q1,249,4,4,888000,3566.3,20,Furnished,89,Central
1435,Al Rawdah,Villa,2021,Q3,307,4,4,1559000,5078.2,1,Furnished,13,Central
1436,Al Arid,Apartment,2022,Q1,116,2,2,348000,3000.0,1,Unfurnished,103,North
1437,Al Yasmin,Villa,2024,Q1,504,6,6,3016000,5984.1,1,Furnished,73,North
1438,Al Rajhi,Duplex,2024,Q3,305,4,4,1158000,3796.7,10,Unfurnished,131,North
1439,Al Dirah,Apartment,2022,Q4,151,3,3,352000,2331.1,20,Furnished,7,East/West
1440,Al Arid,Villa,2022,Q3,374,5,5,1689000,4516.0,15,Furnished,148,North
1441,Al Narjis,Studio,2022,Q1,56,0,1,253000,4517.9,0,Unfurnished,105,North
1442,Al Qirawan,Apartment,2023,Q1,179,4,4,580000,3240.2,2,Unfurnished,88,North
1443,Al Batha,Studio,2021,Q3,48,0,1,137000,2854.2,20,Unfurnished,159,East/West
1444,Al Sulimaniyah,Villa,2021,Q2,417,4,4,2611000,6261.4,4,Unfurnished,102,Central
1445,Al Rajhi,Villa,2022,Q2,562,6,6,2302000,4096.1,5,Furnished,78,North
1446,Al Hamra,Apartment,2023,Q1,166,4,4,548000,3301.2,0,Unfurnished,140,Central
1447,Al Wurud,Duplex,2024,Q2,252,5,5,1334000,5293.7,5,Unfurnished,45,Central
1448,Al Rawdah,Apartment,2024,Q3,164,2,2,680000,4146.3,2,Furnished,63,Central
1449,Al Olaya,Duplex,2022,Q3,201,4,4,998000,4965.2,20,Furnished,124,Central
1450,Al Wurud,Duplex,2021,Q1,276,4,4,1085000,3931.2,0,Unfurnished,21,Central
1451,Al Zahra,Villa,2023,Q2,470,5,5,2243000,4772.3,4,Unfurnished,26,East/West
1452,Al Olaya,Apartment,2021,Q3,156,3,3,687000,4403.8,10,Unfurnished,10,Central
1453,Al Olaya,Apartment,2023,Q3,163,2,2,821000,5036.8,3,Semi-furnished,92,Central
1454,Al Nakheel,Studio,2024,Q1,63,0,1,329000,5222.2,20,Furnished,45,North
1455,Al Aqiq,Apartment,2024,Q4,159,3,3,730000,4591.2,2,Unfurnished,43,East/West
1456,Al Aqiq,Apartment,2021,Q3,158,4,4,556000,3519.0,1,Semi-furnished,119,East/West
1457,Al Rawdah,Duplex,2022,Q4,290,4,4,1268000,4372.4,15,Unfurnished,98,Central
1458,Al Sahafah,Duplex,2022,Q2,226,4,4,929000,4110.6,7,Unfurnished,29,North
1459,Al Rawdah,Villa,2021,Q2,504,4,4,2817000,5589.3,15,Unfurnished,75,Central
1460,Al Zahra,Duplex,2023,Q2,278,3,3,1074000,3863.3,0,Semi-furnished,112,East/West
1461,Al Dirah,Villa,2022,Q2,475,5,5,1860000,3915.8,7,Unfurnished,91,East/West
1462,Al Dirah,Villa,2023,Q2,495,6,6,1842000,3721.2,1,Furnished,74,East/West
1463,Al Olaya,Floor,2024,Q2,319,3,3,1298000,4069.0,20,Semi-furnished,157,Central
1464,Al Rabwah,Duplex,2024,Q2,258,5,5,1316000,5100.8,10,Unfurnished,57,East/West
1465,Al Dirah,Floor,2021,Q1,331,3,3,593000,1791.5,4,Unfurnished,133,East/West
1466,Al Maather,Apartment,2021,Q2,183,3,3,419000,2289.6,10,Furnished,30,Central
1467,Al Arid,Villa,2021,Q2,348,4,4,1413000,4060.3,4,Furnished,106,North
1468,Al Maather,Apartment,2024,Q3,188,4,4,557000,2962.8,5,Unfurnished,37,Central
1469,Al Zahra,Apartment,2023,Q2,151,2,2,480000,3178.8,3,Unfurnished,95,East/West
1470,Al Hamra,Duplex,2022,Q4,293,3,3,956000,3262.8,5,Unfurnished,28,Central
1471,Al Wurud,Apartment,2021,Q4,172,3,3,562000,3267.4,7,Furnished,24,Central
1472,Al Sahafah,Apartment,2023,Q1,147,4,4,560000,3809.5,10,Unfurnished,89,North
1473,Al Sahafah,Villa,2024,Q4,505,4,4,3035000,6009.9,5,Furnished,99,North
1474,Al Dirah,Villa,2022,Q1,379,4,4,1402000,3699.2,2,Furnished,6,East/West
1475,Al Batha,Studio,2023,Q3,69,0,1,252000,3652.2,20,Furnished,52,East/West
1476,Al Dirah,Villa,2022,Q4,384,4,4,1407000,3664.1,2,Semi-furnished,148,East/West
1477,Al Sulimaniyah,Studio,2021,Q3,70,0,1,383000,5471.4,15,Unfurnished,75,Central
1478,Al Sahafah,Duplex,2021,Q1,259,5,5,901000,3478.8,5,Unfurnished,95,North
1479,Al Dirah,Apartment,2022,Q4,137,4,4,323000,2357.7,1,Furnished,35,East/West
1480,Al Nakheel,Apartment,2021,Q2,115,4,4,355000,3087.0,2,Semi-furnished,39,North
1481,Al Sahafah,Duplex,2023,Q1,242,4,4,931000,3847.1,0,Unfurnished,72,North
1482,Al Batha,Villa,2021,Q2,417,5,5,1442000,3458.0,4,Unfurnished,7,East/West
1483,Al Wurud,Villa,2024,Q3,439,4,4,3009000,6854.2,2,Unfurnished,57,Central
1484,Al Maather,Apartment,2023,Q3,175,2,2,540000,3085.7,2,Unfurnished,97,Central
1485,Al Yasmin,Villa,2024,Q2,403,5,5,2409000,5977.7,0,Unfurnished,90,North
1486,Al Qirawan,Apartment,2023,Q2,111,3,3,414000,3729.7,10,Semi-furnished,165,North
1487,Al Zahra,Villa,2024,Q2,451,6,6,2169000,4809.3,15,Unfurnished,59,East/West
1488,Al Nakheel,Studio,2022,Q2,57,0,1,275000,4824.6,15,Furnished,56,North
1489,Al Malaz,Duplex,2021,Q3,305,3,3,1016000,3331.1,10,Unfurnished,5,Central
1490,Al Arid,Villa,2022,Q3,369,5,5,1593000,4317.1,4,Semi-furnished,121,North
1491,Al Narjis,Apartment,2023,Q1,129,2,2,448000,3472.9,2,Unfurnished,26,North
1492,Al Arid,Villa,2022,Q1,369,6,6,1550000,4200.5,0,Unfurnished,122,North
1493,Al Nakheel,Apartment,2021,Q4,181,4,4,648000,3580.1,2,Unfurnished,36,North
1494,Al Maather,Apartment,2024,Q2,188,2,2,592000,3148.9,2,Unfurnished,138,Central
1495,Al Rabwah,Apartment,2022,Q2,128,3,3,492000,3843.8,7,Unfurnished,142,East/West
1496,Al Rajhi,Villa,2021,Q1,376,5,5,1377000,3662.2,4,Furnished,139,North
1497,Al Dirah,Villa,2021,Q4,471,4,4,1628000,3456.5,4,Unfurnished,75,East/West
1498,Al Dirah,Apartment,2022,Q4,191,4,4,436000,2282.7,10,Unfurnished,142,East/West
1499,Al Sulimaniyah,Villa,2023,Q2,564,6,6,4253000,7540.8,5,Unfurnished,100,Central
1500,Al Zahra,Apartment,2024,Q1,127,2,2,446000,3511.8,7,Furnished,40,East/West
1501,Al Wurud,Studio,2021,Q2,51,0,1,255000,5000.0,5,Unfurnished,38,Central
1502,Al Rajhi,Apartment,2023,Q4,154,3,3,465000,3019.5,20,Unfurnished,23,North
1503,Al Arid,Apartment,2021,Q1,155,3,3,430000,2774.2,1,Unfurnished,71,North
1504,Al Rajhi,Duplex,2024,Q4,271,4,4,972000,3586.7,0,Unfurnished,152,North
1505,Al Munsiyah,Studio,2022,Q3,47,0,1,168000,3574.5,7,Furnished,160,East/West
1506,Al Sulimaniyah,Floor,2022,Q1,348,5,5,1078000,3097.7,5,Unfurnished,33,Central
1507,Al Aqiq,Villa,2024,Q4,564,5,5,3767000,6679.1,5,Unfurnished,153,East/West
1508,Al Qirawan,Duplex,2023,Q4,254,3,3,1086000,4275.6,4,Unfurnished,105,North
1509,Al Rawdah,Apartment,2023,Q4,152,2,2,607000,3993.4,7,Unfurnished,121,Central
1510,Al Maather,Duplex,2023,Q1,406,3,3,1441000,3549.3,4,Unfurnished,133,Central
1511,Al Sulimaniyah,Apartment,2023,Q3,129,3,3,589000,4565.9,10,Furnished,114,Central
1512,Al Batha,Apartment,2021,Q3,165,2,2,368000,2230.3,0,Furnished,142,East/West
1513,Al Narjis,Apartment,2023,Q3,200,3,3,776000,3880.0,1,Unfurnished,28,North
1514,Al Zahra,Apartment,2022,Q3,163,3,3,495000,3036.8,15,Unfurnished,16,East/West
1515,Al Wurud,Villa,2022,Q4,509,5,5,3128000,6145.4,3,Unfurnished,38,Central
1516,Al Munsiyah,Apartment,2023,Q1,170,2,2,535000,3147.1,4,Unfurnished,171,East/West
1517,Al Maather,Apartment,2024,Q4,160,3,3,503000,3143.8,2,Semi-furnished,69,Central
1518,Al Rajhi,Floor,2021,Q1,433,4,4,794000,1833.7,2,Semi-furnished,46,North
1519,Al Batha,Apartment,2022,Q2,164,3,3,435000,2652.4,0,Furnished,13,East/West
1520,Al Sulimaniyah,Apartment,2021,Q4,140,3,3,545000,3892.9,1,Furnished,17,Central
1521,Al Dirah,Duplex,2022,Q1,287,3,3,852000,2968.6,7,Semi-furnished,102,East/West
1522,Al Yasmin,Studio,2022,Q3,59,0,1,282000,4779.7,3,Semi-furnished,139,North
1523,Al Rajhi,Apartment,2021,Q3,133,2,2,336000,2526.3,20,Furnished,147,North
1524,Al Yasmin,Villa,2024,Q2,435,6,6,2669000,6135.6,0,Semi-furnished,40,North
1525,Al Nakheel,Studio,2023,Q1,55,0,1,272000,4945.5,10,Semi-furnished,4,North
1526,Al Rabwah,Apartment,2021,Q1,164,4,4,645000,3932.9,2,Unfurnished,1,East/West
1527,Al Rabwah,Villa,2024,Q1,593,6,6,3946000,6654.3,10,Unfurnished,103,East/West
1528,Al Munsiyah,Apartment,2023,Q4,152,2,2,498000,3276.3,15,Unfurnished,152,East/West
1529,Al Arid,Villa,2022,Q1,546,5,5,2405000,4404.8,3,Furnished,124,North
1530,Al Rabwah,Apartment,2024,Q2,163,3,3,713000,4374.2,7,Unfurnished,89,East/West
1531,Al Rawdah,Duplex,2023,Q4,289,3,3,1448000,5010.4,0,Semi-furnished,8,Central
1532,Al Nakheel,Apartment,2024,Q2,132,3,3,528000,4000.0,0,Unfurnished,85,North
1533,Al Dirah,Apartment,2022,Q1,151,3,3,381000,2523.2,3,Furnished,107,East/West
1534,Al Nakheel,Apartment,2022,Q1,149,3,3,523000,3510.1,7,Unfurnished,176,North
1535,Al Batha,Villa,2023,Q2,364,5,5,1530000,4203.3,0,Furnished,75,East/West
1536,Al Munsiyah,Villa,2024,Q2,375,4,4,1920000,5120.0,5,Semi-furnished,3,East/West
1537,Al Rabwah,Apartment,2021,Q2,156,2,2,543000,3480.8,10,Semi-furnished,125,East/West
1538,Al Sahafah,Apartment,2023,Q4,192,4,4,703000,3661.5,7,Unfurnished,130,North
1539,Al Dirah,Floor,2023,Q3,346,3,3,698000,2017.3,0,Unfurnished,18,East/West
1540,Al Munsiyah,Studio,2022,Q4,41,0,1,144000,3512.2,0,Furnished,152,East/West
1541,Al Rabwah,Villa,2022,Q1,244,5,5,1580000,6475.4,3,Unfurnished,145,East/West
1542,Al Zahra,Apartment,2021,Q2,114,3,3,283000,2482.5,0,Semi-furnished,130,East/West
1543,Al Batha,Villa,2024,Q2,477,4,4,2144000,4494.8,1,Furnished,75,East/West
1544,Al Sahafah,Apartment,2022,Q1,107,4,4,377000,3523.4,0,Semi-furnished,82,North
1545,Al Hamra,Apartment,2024,Q2,171,3,3,539000,3152.0,0,Unfurnished,11,Central
1546,Al Wurud,Apartment,2024,Q4,165,4,4,714000,4327.3,15,Unfurnished,143,Central
1547,Al Dirah,Studio,2022,Q1,54,0,1,178000,3296.3,4,Unfurnished,3,East/West
1548,Al Sulimaniyah,Duplex,2022,Q2,204,5,5,1111000,5446.1,20,Semi-furnished,162,Central
1549,Al Sulimaniyah,Floor,2021,Q4,308,4,4,933000,3029.2,10,Unfurnished,18,Central
1550,Al Rabwah,Apartment,2021,Q4,138,3,3,496000,3594.2,1,Semi-furnished,3,East/West
1551,Al Arid,Apartment,2024,Q1,156,4,4,492000,3153.8,3,Semi-furnished,67,North
1552,Al Zahra,Duplex,2021,Q1,217,4,4,717000,3304.1,3,Furnished,171,East/West
1553,Al Maather,Villa,2022,Q1,536,5,5,2158000,4026.1,0,Unfurnished,112,Central
1554,Al Munsiyah,Apartment,2021,Q2,155,3,3,422000,2722.6,0,Unfurnished,170,East/West
1555,Al Batha,Studio,2022,Q2,60,0,1,209000,3483.3,7,Furnished,12,East/West
1556,Al Munsiyah,Villa,2021,Q4,471,5,5,1757000,3730.4,20,Semi-furnished,170,East/West
1557,Al Rawdah,Apartment,2024,Q1,185,2,2,725000,3918.9,20,Furnished,30,Central
1558,Al Nakheel,Duplex,2024,Q2,290,3,3,1470000,5069.0,20,Unfurnished,24,North
1559,Al Munsiyah,Villa,2021,Q3,477,4,4,1885000,3951.8,15,Unfurnished,61,East/West
1560,Al Batha,Apartment,2023,Q4,125,4,4,323000,2584.0,0,Semi-furnished,31,East/West
1561,Al Narjis,Apartment,2023,Q3,199,2,2,727000,3653.3,3,Furnished,167,North
1562,Al Maather,Apartment,2022,Q2,149,3,3,382000,2563.8,20,Unfurnished,80,Central
1563,Al Munsiyah,Apartment,2021,Q3,125,3,3,341000,2728.0,4,Furnished,55,East/West
1564,Al Olaya,Villa,2024,Q2,384,5,5,2804000,7302.1,20,Unfurnished,92,Central
1565,Al Arid,Villa,2023,Q2,269,4,4,1227000,4561.3,4,Furnished,123,North
1566,Al Nakheel,Apartment,2024,Q2,131,4,4,550000,4198.5,0,Unfurnished,106,North
1567,Al Qirawan,Duplex,2023,Q2,159,3,3,622000,3911.9,7,Furnished,93,North
1568,Al Sahafah,Villa,2021,Q3,483,6,6,2334000,4832.3,3,Furnished,63,North
1569,Al Arid,Floor,2021,Q2,376,4,4,737000,1960.1,1,Unfurnished,162,North
1570,Al Sulimaniyah,Apartment,2021,Q2,116,3,3,445000,3836.2,20,Furnished,173,Central
1571,Al Hamra,Apartment,2024,Q3,144,4,4,518000,3597.2,5,Semi-furnished,36,Central
1572,Al Hamra,Apartment,2024,Q1,145,3,3,494000,3406.9,10,Furnished,143,Central
1573,Al Wurud,Apartment,2024,Q1,110,3,3,498000,4527.3,15,Unfurnished,6,Central
1574,Al Narjis,Villa,2021,Q3,402,5,5,1859000,4624.4,7,Semi-furnished,148,North
1575,Al Munsiyah,Villa,2021,Q3,422,5,5,1678000,3976.3,4,Unfurnished,65,East/West
1576,Al Malaz,Apartment,2024,Q3,138,2,2,449000,3253.6,7,Furnished,35,Central
1577,Al Yasmin,Duplex,2022,Q3,246,4,4,925000,3760.2,7,Unfurnished,97,North
1578,Al Munsiyah,Studio,2021,Q2,45,0,1,156000,3466.7,2,Semi-furnished,19,East/West
1579,Al Wurud,Villa,2022,Q1,398,4,4,2380000,5979.9,10,Semi-furnished,87,Central
1580,Al Arid,Duplex,2022,Q4,251,4,4,827000,3294.8,10,Furnished,24,North
1581,Al Wurud,Duplex,2023,Q2,309,4,4,1402000,4537.2,7,Semi-furnished,14,Central
1582,Al Rabwah,Duplex,2021,Q2,350,3,3,1428000,4080.0,0,Furnished,12,East/West
1583,Al Olaya,Duplex,2021,Q2,326,4,4,1716000,5263.8,0,Semi-furnished,170,Central
1584,Al Batha,Apartment,2022,Q2,147,2,2,380000,2585.0,1,Furnished,51,East/West
1585,Al Maather,Apartment,2021,Q2,126,4,4,329000,2611.1,7,Furnished,151,Central
1586,Al Hamra,Villa,2022,Q4,492,4,4,2121000,4311.0,0,Furnished,138,Central
1587,Al Arid,Villa,2021,Q1,471,4,4,2070000,4394.9,2,Unfurnished,57,North
1588,Al Zahra,Apartment,2024,Q3,185,4,4,607000,3281.1,20,Unfurnished,3,East/West
1589,Al Rabwah,Duplex,2024,Q4,290,3,3,1623000,5596.6,3,Unfurnished,19,East/West
1590,Al Yasmin,Apartment,2022,Q3,197,3,3,633000,3213.2,15,Unfurnished,51,North
1591,Al Batha,Villa,2024,Q3,436,6,6,1771000,4061.9,2,Semi-furnished,20,East/West
1592,Al Narjis,Villa,2022,Q2,368,4,4,2003000,5442.9,4,Furnished,33,North
1593,Al Dirah,Duplex,2022,Q3,256,3,3,699000,2730.5,1,Unfurnished,89,East/West
1594,Al Narjis,Villa,2021,Q1,462,6,6,2254000,4878.8,2,Unfurnished,83,North
1595,Al Malaz,Apartment,2023,Q2,128,4,4,425000,3320.3,7,Unfurnished,20,Central
1596,Al Rabwah,Duplex,2024,Q4,366,3,3,1915000,5232.2,4,Semi-furnished,112,East/West
1597,Al Munsiyah,Duplex,2023,Q3,302,3,3,1165000,3857.6,15,Unfurnished,134,East/West
1598,Al Olaya,Duplex,2023,Q4,282,5,5,1545000,5478.7,3,Furnished,44,Central
1599,Al Qirawan,Villa,2021,Q1,430,5,5,1988000,4623.3,0,Unfurnished,83,North
1600,Al Sulimaniyah,Villa,2024,Q3,399,4,4,3185000,7982.5,3,Unfurnished,104,Central
1601,Al Rabwah,Apartment,2022,Q3,95,4,4,400000,4210.5,2,Semi-furnished,37,East/West
1602,Al Rawdah,Studio,2022,Q3,50,0,1,237000,4740.0,3,Furnished,134,Central
1603,Al Rawdah,Duplex,2021,Q3,359,3,3,1408000,3922.0,1,Semi-furnished,118,Central
1604,Al Arid,Villa,2023,Q4,438,6,6,2123000,4847.0,1,Unfurnished,121,North
1605,Al Maather,Apartment,2021,Q2,176,4,4,449000,2551.1,20,Unfurnished,111,Central
1606,Al Sulimaniyah,Floor,2021,Q2,415,3,3,1358000,3272.3,1,Unfurnished,55,Central
1607,Al Sulimaniyah,Villa,2021,Q2,417,5,5,2503000,6002.4,1,Unfurnished,43,Central
1608,Al Qirawan,Apartment,2022,Q1,165,3,3,561000,3400.0,5,Unfurnished,117,North
1609,Al Malaz,Apartment,2023,Q2,98,2,2,310000,3163.3,5,Unfurnished,8,Central
1610,Al Rabwah,Duplex,2021,Q1,354,4,4,1620000,4576.3,15,Unfurnished,160,East/West
1611,Al Hamra,Floor,2022,Q2,433,4,4,912000,2106.2,15,Furnished,23,Central
1612,Al Rajhi,Apartment,2024,Q2,160,4,4,474000,2962.5,1,Semi-furnished,80,North
1613,Al Narjis,Studio,2021,Q4,58,0,1,229000,3948.3,3,Unfurnished,174,North
1614,Al Wurud,Apartment,2023,Q3,144,2,2,571000,3965.3,15,Unfurnished,46,Central
1615,Al Hamra,Apartment,2023,Q1,180,3,3,601000,3338.9,15,Unfurnished,177,Central
1616,Al Narjis,Apartment,2022,Q3,168,3,3,555000,3303.6,2,Semi-furnished,116,North
1617,Al Malaz,Apartment,2021,Q4,60,4,4,173000,2883.3,3,Semi-furnished,19,Central
1618,Al Yasmin,Duplex,2021,Q3,262,4,4,1051000,4011.5,0,Furnished,116,North
1619,Al Zahra,Duplex,2022,Q1,224,4,4,726000,3241.1,5,Furnished,45,East/West
1620,Al Wurud,Studio,2024,Q3,42,0,1,253000,6023.8,1,Unfurnished,59,Central
1621,Al Arid,Apartment,2024,Q3,180,3,3,578000,3211.1,1,Semi-furnished,167,North
1622,Al Dirah,Villa,2021,Q4,416,5,5,1369000,3290.9,3,Unfurnished,47,East/West
1623,Al Rawdah,Floor,2022,Q1,379,5,5,1003000,2646.4,4,Furnished,37,Central
1624,Al Narjis,Apartment,2024,Q4,147,3,3,555000,3775.5,1,Semi-furnished,131,North
1625,Al Sahafah,Villa,2024,Q2,317,5,5,1914000,6037.9,5,Semi-furnished,67,North
1626,Al Zahra,Apartment,2024,Q2,98,3,3,330000,3367.3,3,Unfurnished,108,East/West
1627,Al Rawdah,Apartment,2021,Q1,132,3,3,466000,3530.3,20,Semi-furnished,175,Central
1628,Al Dirah,Duplex,2021,Q1,263,5,5,644000,2448.7,7,Furnished,161,East/West
1629,Al Malaz,Villa,2023,Q2,392,6,6,2055000,5242.3,0,Unfurnished,78,Central
1630,Al Narjis,Apartment,2021,Q2,135,4,4,446000,3303.7,2,Semi-furnished,111,North
1631,Al Narjis,Villa,2024,Q2,586,5,5,3626000,6187.7,15,Unfurnished,144,North
1632,Al Malaz,Apartment,2021,Q2,176,3,3,476000,2704.5,1,Unfurnished,21,Central
1633,Al Rabwah,Apartment,2023,Q4,152,4,4,628000,4131.6,15,Furnished,17,East/West
1634,Al Arid,Apartment,2022,Q3,143,3,3,427000,2986.0,20,Furnished,90,North
1635,Al Nakheel,Studio,2021,Q3,55,0,1,258000,4690.9,20,Furnished,59,North
1636,Al Olaya,Apartment,2024,Q4,167,3,3,844000,5053.9,7,Semi-furnished,59,Central
1637,Al Batha,Apartment,2021,Q3,143,3,3,332000,2321.7,20,Unfurnished,72,East/West
1638,Al Yasmin,Apartment,2024,Q1,172,2,2,675000,3924.4,10,Furnished,136,North
1639,Al Wurud,Apartment,2024,Q4,155,3,3,681000,4393.5,0,Unfurnished,36,Central
1640,Al Zahra,Studio,2024,Q3,76,0,1,312000,4105.3,5,Unfurnished,77,East/West
1641,Al Malaz,Villa,2024,Q2,409,4,4,2025000,4951.1,4,Furnished,145,Central
1642,Al Arid,Apartment,2022,Q3,178,3,3,504000,2831.5,0,Furnished,9,North
1643,Al Nakheel,Villa,2024,Q1,337,5,5,2175000,6454.0,5,Semi-furnished,3,North
1644,Al Zahra,Apartment,2022,Q4,126,2,2,384000,3047.6,2,Unfurnished,82,East/West
1645,Al Zahra,Villa,2023,Q3,573,5,5,2576000,4495.6,10,Unfurnished,157,East/West
1646,Al Nakheel,Villa,2021,Q1,490,4,4,2659000,5426.5,7,Unfurnished,73,North
1647,Al Dirah,Duplex,2023,Q3,305,4,4,972000,3186.9,0,Furnished,147,East/West
1648,Al Sahafah,Studio,2022,Q4,79,0,1,362000,4582.3,15,Unfurnished,16,North
1649,Al Zahra,Apartment,2024,Q1,143,2,2,478000,3342.7,7,Semi-furnished,85,East/West
1650,Al Zahra,Villa,2022,Q3,508,5,5,2122000,4177.2,0,Semi-furnished,78,East/West
1651,Al Sulimaniyah,Studio,2023,Q1,67,0,1,424000,6328.4,5,Unfurnished,123,Central
1652,Al Rabwah,Apartment,2021,Q1,194,4,4,685000,3530.9,15,Unfurnished,86,East/West
1653,Al Rabwah,Villa,2023,Q4,328,5,5,2253000,6868.9,10,Unfurnished,79,East/West
1654,Al Aqiq,Apartment,2023,Q4,143,3,3,657000,4594.4,15,Unfurnished,133,East/West
1655,Al Rabwah,Duplex,2022,Q2,296,3,3,1474000,4979.7,1,Furnished,89,East/West
1656,Al Sulimaniyah,Floor,2024,Q3,447,3,3,1808000,4044.7,2,Furnished,122,Central
1657,Al Yasmin,Studio,2021,Q1,60,0,1,248000,4133.3,1,Unfurnished,88,North
1658,Al Rajhi,Duplex,2021,Q3,339,3,3,1050000,3097.3,10,Semi-furnished,137,North
1659,Al Nakheel,Duplex,2021,Q1,219,4,4,890000,4063.9,15,Furnished,53,North
1660,Al Zahra,Duplex,2024,Q1,265,4,4,1078000,4067.9,0,Furnished,175,East/West
1661,Al Olaya,Apartment,2024,Q3,186,3,3,910000,4892.5,3,Semi-furnished,65,Central
1662,Al Qirawan,Apartment,2024,Q2,140,3,3,499000,3564.3,15,Semi-furnished,93,North
1663,Al Munsiyah,Floor,2024,Q2,351,4,4,854000,2433.0,2,Semi-furnished,30,East/West
1664,Al Malaz,Apartment,2021,Q2,193,2,2,538000,2787.6,15,Unfurnished,158,Central
1665,Al Rajhi,Studio,2021,Q3,47,0,1,155000,3297.9,1,Unfurnished,142,North
1666,Al Zahra,Duplex,2024,Q2,248,3,3,918000,3701.6,2,Unfurnished,134,East/West
1667,Al Wurud,Villa,2023,Q2,314,5,5,1839000,5856.7,1,Furnished,144,Central
1668,Al Batha,Apartment,2023,Q4,194,2,2,536000,2762.9,7,Unfurnished,9,East/West
1669,Al Nakheel,Villa,2021,Q4,501,5,5,2523000,5035.9,2,Unfurnished,147,North
1670,Al Batha,Duplex,2024,Q2,329,4,4,1111000,3376.9,3,Furnished,77,East/West
1671,Al Sulimaniyah,Apartment,2021,Q4,135,3,3,538000,3985.2,0,Unfurnished,73,Central
1672,Al Maather,Villa,2024,Q3,309,6,6,1453000,4702.3,20,Unfurnished,176,Central
1673,Al Yasmin,Apartment,2022,Q4,96,4,4,332000,3458.3,1,Unfurnished,135,North
1674,Al Maather,Apartment,2021,Q4,187,2,2,483000,2582.9,2,Unfurnished,22,Central
1675,Al Arid,Floor,2023,Q3,384,3,3,984000,2562.5,10,Unfurnished,169,North
1676,Al Arid,Studio,2022,Q2,63,0,1,237000,3761.9,2,Semi-furnished,76,North
1677,Al Batha,Apartment,2024,Q3,153,4,4,470000,3071.9,4,Unfurnished,81,East/West
1678,Al Zahra,Apartment,2023,Q1,122,4,4,380000,3114.8,2,Furnished,121,East/West
1679,Al Zahra,Duplex,2021,Q2,266,4,4,798000,3000.0,5,Furnished,112,East/West
1680,Al Batha,Duplex,2022,Q4,231,3,3,710000,3073.6,2,Furnished,150,East/West
1681,Al Batha,Villa,2023,Q4,332,4,4,1377000,4147.6,3,Unfurnished,155,East/West
1682,Al Rajhi,Apartment,2021,Q1,173,2,2,451000,2606.9,1,Semi-furnished,28,North
1683,Al Sulimaniyah,Duplex,2021,Q3,201,3,3,907000,4512.4,3,Unfurnished,75,Central
1684,Al Rajhi,Apartment,2021,Q1,116,3,3,277000,2387.9,4,Unfurnished,171,North
1685,Al Narjis,Apartment,2024,Q4,138,2,2,551000,3992.8,7,Semi-furnished,4,North
1686,Al Maather,Floor,2021,Q2,356,4,4,697000,1957.9,0,Unfurnished,37,Central
1687,Al Wurud,Apartment,2022,Q2,105,4,4,376000,3581.0,10,Semi-furnished,112,Central
1688,Al Yasmin,Apartment,2024,Q3,97,3,3,412000,4247.4,1,Semi-furnished,51,North
1689,Al Yasmin,Duplex,2021,Q3,302,5,5,1124000,3721.9,10,Semi-furnished,159,North
1690,Al Sahafah,Villa,2023,Q3,438,5,5,2197000,5016.0,7,Unfurnished,38,North
1691,Al Dirah,Apartment,2022,Q1,186,4,4,464000,2494.6,1,Unfurnished,126,East/West
1692,Al Rabwah,Duplex,2021,Q1,286,5,5,1326000,4636.4,20,Unfurnished,109,East/West
1693,Al Hamra,Apartment,2021,Q1,161,4,4,460000,2857.1,0,Unfurnished,137,Central
1694,Al Munsiyah,Apartment,2023,Q2,124,3,3,385000,3104.8,2,Semi-furnished,128,East/West
1695,Al Sahafah,Apartment,2024,Q1,125,3,3,465000,3720.0,1,Unfurnished,121,North
1696,Al Dirah,Villa,2021,Q2,320,5,5,1149000,3590.6,15,Semi-furnished,132,East/West
1697,Al Narjis,Apartment,2021,Q3,124,4,4,374000,3016.1,7,Unfurnished,154,North
1698,Al Rajhi,Villa,2024,Q3,396,6,6,1932000,4878.8,4,Furnished,130,North
1699,Al Malaz,Apartment,2024,Q4,182,3,3,599000,3291.2,2,Semi-furnished,146,Central
1700,Al Qirawan,Floor,2024,Q1,300,4,4,857000,2856.7,2,Unfurnished,18,North
1701,Al Rabwah,Villa,2021,Q3,592,4,4,3210000,5422.3,1,Unfurnished,10,East/West
1702,Al Rajhi,Villa,2022,Q1,471,6,6,1861000,3951.2,0,Semi-furnished,166,North
1703,Al Hamra,Apartment,2021,Q2,157,2,2,396000,2522.3,5,Unfurnished,19,Central
1704,Al Malaz,Villa,2023,Q4,424,6,6,2178000,5136.8,15,Semi-furnished,113,Central
1705,Al Zahra,Apartment,2024,Q1,141,3,3,469000,3326.2,2,Furnished,19,East/West
1706,Al Dirah,Duplex,2022,Q2,252,4,4,731000,2900.8,10,Unfurnished,44,East/West
1707,Al Malaz,Apartment,2023,Q4,104,3,3,345000,3317.3,4,Unfurnished,53,Central
1708,Al Olaya,Villa,2022,Q1,356,6,6,2427000,6817.4,1,Furnished,164,Central
1709,Al Rawdah,Apartment,2024,Q4,194,3,3,851000,4386.6,2,Furnished,158,Central
1710,Al Malaz,Villa,2021,Q2,466,5,5,1939000,4160.9,4,Semi-furnished,147,Central
1711,Al Hamra,Apartment,2022,Q1,194,3,3,526000,2711.3,0,Furnished,53,Central
1712,Al Sahafah,Villa,2023,Q1,373,5,5,1930000,5174.3,1,Semi-furnished,130,North
1713,Al Rajhi,Studio,2022,Q2,45,0,1,158000,3511.1,15,Furnished,122,North
1714,Al Hamra,Duplex,2021,Q3,282,4,4,828000,2936.2,2,Unfurnished,31,Central
1715,Al Aqiq,Floor,2024,Q1,304,3,3,1127000,3707.2,1,Unfurnished,68,East/West
1716,Al Dirah,Villa,2022,Q1,439,5,5,1728000,3936.2,1,Unfurnished,51,East/West
1717,Al Wurud,Studio,2024,Q2,39,0,1,231000,5923.1,4,Semi-furnished,117,Central
1718,Al Aqiq,Apartment,2024,Q2,85,3,3,380000,4470.6,20,Unfurnished,105,East/West
1719,Al Batha,Villa,2022,Q2,450,5,5,1759000,3908.9,1,Unfurnished,68,East/West
1720,Al Yasmin,Floor,2023,Q3,450,4,4,1283000,2851.1,3,Unfurnished,106,North
1721,Al Zahra,Villa,2023,Q4,454,6,6,2001000,4407.5,2,Unfurnished,50,East/West
1722,Al Olaya,Apartment,2022,Q3,162,2,2,697000,4302.5,15,Unfurnished,116,Central
1723,Al Narjis,Floor,2021,Q1,355,5,5,880000,2478.9,1,Furnished,60,North
1724,Al Arid,Duplex,2023,Q2,288,4,4,1016000,3527.8,2,Unfurnished,180,North
1725,Al Hamra,Studio,2021,Q4,41,0,1,144000,3512.2,10,Furnished,43,Central
1726,Al Batha,Duplex,2024,Q4,243,3,3,839000,3452.7,3,Semi-furnished,76,East/West
1727,Al Zahra,Villa,2021,Q3,519,5,5,2203000,4244.7,0,Semi-furnished,151,East/West
1728,Al Rajhi,Apartment,2024,Q4,112,3,3,378000,3375.0,10,Semi-furnished,28,North
1729,Al Rajhi,Villa,2024,Q4,395,4,4,2005000,5075.9,3,Unfurnished,60,North
1730,Al Zahra,Villa,2023,Q1,517,5,5,2459000,4756.3,15,Unfurnished,5,East/West
1731,Al Sahafah,Apartment,2024,Q3,149,3,3,573000,3845.6,4,Unfurnished,67,North
1732,Al Olaya,Apartment,2024,Q4,151,3,3,740000,4900.7,3,Unfurnished,71,Central
1733,Al Sahafah,Apartment,2022,Q3,136,4,4,470000,3455.9,5,Unfurnished,37,North
1734,Al Zahra,Apartment,2021,Q2,166,4,4,410000,2469.9,10,Unfurnished,164,East/West
1735,Al Rabwah,Villa,2021,Q1,497,5,5,2756000,5545.3,15,Semi-furnished,71,East/West
1736,Al Yasmin,Villa,2022,Q4,357,5,5,1745000,4888.0,5,Unfurnished,171,North
1737,Al Qirawan,Studio,2022,Q3,42,0,1,189000,4500.0,3,Semi-furnished,22,North
1738,Al Munsiyah,Apartment,2021,Q3,90,4,4,231000,2566.7,1,Furnished,5,East/West
1739,Al Zahra,Apartment,2024,Q2,160,4,4,524000,3275.0,0,Semi-furnished,59,East/West
1740,Al Zahra,Villa,2021,Q1,451,5,5,1950000,4323.7,15,Semi-furnished,31,East/West
1741,Al Olaya,Villa,2022,Q3,619,5,5,4268000,6895.0,7,Furnished,50,Central
1742,Al Zahra,Apartment,2022,Q1,147,3,3,415000,2823.1,10,Unfurnished,129,East/West
1743,Al Nakheel,Apartment,2023,Q4,142,2,2,587000,4133.8,10,Semi-furnished,68,North
1744,Al Qirawan,Apartment,2021,Q4,153,2,2,473000,3091.5,7,Furnished,173,North
1745,Al Nakheel,Duplex,2022,Q2,296,5,5,1208000,4081.1,2,Unfurnished,113,North
1746,Al Maather,Apartment,2024,Q1,140,3,3,405000,2892.9,2,Furnished,118,Central
1747,Al Olaya,Apartment,2024,Q2,122,2,2,655000,5368.9,0,Furnished,55,Central
1748,Al Dirah,Villa,2021,Q2,422,5,5,1483000,3514.2,7,Unfurnished,176,East/West
1749,Al Wurud,Apartment,2023,Q4,145,2,2,630000,4344.8,15,Unfurnished,92,Central
1750,Al Qirawan,Villa,2021,Q2,418,5,5,1910000,4569.4,10,Semi-furnished,112,North
1751,Al Malaz,Apartment,2024,Q3,170,3,3,624000,3670.6,7,Furnished,131,Central
1752,Al Zahra,Duplex,2023,Q2,281,4,4,1010000,3594.3,10,Unfurnished,147,East/West
1753,Al Olaya,Apartment,2023,Q3,106,3,3,491000,4632.1,20,Semi-furnished,126,Central
1754,Al Qirawan,Villa,2024,Q3,371,4,4,1910000,5148.2,15,Furnished,35,North
1755,Al Wurud,Floor,2022,Q1,339,5,5,937000,2764.0,0,Unfurnished,57,Central
1756,Al Sahafah,Apartment,2022,Q2,147,3,3,519000,3530.6,1,Semi-furnished,87,North
1757,Al Munsiyah,Apartment,2022,Q4,161,4,4,448000,2782.6,10,Semi-furnished,4,East/West
1758,Al Hamra,Villa,2021,Q3,425,5,5,1724000,4056.5,4,Unfurnished,68,Central
1759,Al Dirah,Villa,2023,Q2,262,5,5,987000,3767.2,0,Semi-furnished,132,East/West
1760,Al Munsiyah,Villa,2024,Q4,323,6,6,1618000,5009.3,7,Unfurnished,74,East/West
1761,Al Malaz,Floor,2021,Q4,386,4,4,863000,2235.8,10,Semi-furnished,63,Central
1762,Al Rabwah,Villa,2023,Q1,403,5,5,2509000,6225.8,4,Semi-furnished,66,East/West
1763,Al Olaya,Duplex,2022,Q3,355,4,4,2036000,5735.2,5,Semi-furnished,152,Central
1764,Al Olaya,Apartment,2021,Q4,149,4,4,674000,4523.5,1,Unfurnished,125,Central
1765,Al Aqiq,Floor,2024,Q3,330,5,5,1119000,3390.9,5,Semi-furnished,147,East/West
1766,Al Narjis,Duplex,2024,Q3,249,4,4,1166000,4682.7,0,Semi-furnished,76,North
1767,Al Sulimaniyah,Duplex,2024,Q2,265,4,4,1431000,5400.0,0,Unfurnished,91,Central
1768,Al Nakheel,Villa,2022,Q2,433,5,5,2488000,5746.0,1,Semi-furnished,74,North
1769,Al Dirah,Apartment,2022,Q1,145,3,3,360000,2482.8,2,Unfurnished,106,East/West
1770,Al Rabwah,Villa,2021,Q1,496,4,4,2852000,5750.0,5,Semi-furnished,18,East/West
1771,Al Aqiq,Duplex,2024,Q3,206,5,5,1096000,5320.4,3,Unfurnished,161,East/West
1772,Al Rajhi,Studio,2023,Q4,41,0,1,156000,3804.9,10,Furnished,157,North
1773,Al Hamra,Duplex,2022,Q1,269,4,4,904000,3360.6,3,Unfurnished,157,Central
1774,Al Aqiq,Villa,2022,Q1,463,5,5,2941000,6352.1,20,Unfurnished,123,East/West
1775,Al Qirawan,Villa,2024,Q1,481,6,6,2470000,5135.1,15,Semi-furnished,133,North
1776,Al Arid,Villa,2022,Q1,374,4,4,1560000,4171.1,15,Semi-furnished,178,North
1777,Al Zahra,Apartment,2024,Q1,67,4,4,213000,3179.1,1,Semi-furnished,126,East/West
1778,Al Nakheel,Villa,2021,Q2,376,5,5,1915000,5093.1,7,Unfurnished,172,North
1779,Al Nakheel,Duplex,2024,Q1,300,4,4,1385000,4616.7,2,Semi-furnished,134,North
1780,Al Hamra,Duplex,2024,Q2,279,4,4,1023000,3666.7,0,Furnished,134,Central
1781,Al Sahafah,Duplex,2021,Q3,309,4,4,1109000,3589.0,10,Unfurnished,107,North
1782,Al Sahafah,Studio,2024,Q3,67,0,1,312000,4656.7,3,Unfurnished,83,North
1783,Al Wurud,Studio,2023,Q2,53,0,1,288000,5434.0,2,Unfurnished,153,Central
1784,Al Malaz,Villa,2023,Q1,385,5,5,2018000,5241.6,2,Semi-furnished,11,Central
1785,Al Rajhi,Apartment,2022,Q2,118,2,2,320000,2711.9,3,Semi-furnished,119,North
1786,Al Yasmin,Floor,2024,Q3,268,4,4,809000,3018.7,3,Unfurnished,51,North
1787,Al Sahafah,Duplex,2024,Q1,199,4,4,919000,4618.1,2,Unfurnished,104,North
1788,Al Zahra,Duplex,2023,Q2,247,4,4,929000,3761.1,7,Unfurnished,155,East/West
1789,Al Nakheel,Duplex,2022,Q4,332,4,4,1385000,4171.7,2,Unfurnished,171,North
1790,Al Nakheel,Floor,2023,Q4,391,3,3,1086000,2777.5,0,Unfurnished,55,North
1791,Al Dirah,Floor,2024,Q1,321,5,5,736000,2292.8,7,Unfurnished,22,East/West
1792,Al Rawdah,Apartment,2022,Q1,210,4,4,795000,3785.7,1,Unfurnished,117,Central
1793,Al Sulimaniyah,Apartment,2022,Q1,127,3,3,583000,4590.6,10,Furnished,101,Central
1794,Al Maather,Duplex,2024,Q1,345,4,4,1148000,3327.5,15,Unfurnished,1,Central
1795,Al Zahra,Studio,2021,Q1,71,0,1,250000,3521.1,5,Semi-furnished,7,East/West
1796,Al Nakheel,Villa,2023,Q2,457,5,5,2714000,5938.7,0,Semi-furnished,163,North
1797,Al Arid,Duplex,2024,Q2,246,4,4,1012000,4113.8,4,Furnished,18,North
1798,Al Malaz,Apartment,2022,Q2,134,3,3,383000,2858.2,5,Unfurnished,50,Central
1799,Al Dirah,Villa,2023,Q3,435,6,6,1612000,3705.7,0,Furnished,77,East/West
1800,Al Wurud,Villa,2021,Q3,312,5,5,1636000,5243.6,15,Unfurnished,142,Central
1801,Al Hamra,Apartment,2022,Q1,116,3,3,352000,3034.5,5,Furnished,116,Central
1802,Al Munsiyah,Studio,2023,Q2,45,0,1,171000,3800.0,3,Semi-furnished,69,East/West
1803,Al Nakheel,Duplex,2021,Q2,307,5,5,1121000,3651.5,2,Unfurnished,51,North
1804,Al Narjis,Villa,2021,Q2,515,5,5,2358000,4578.6,10,Unfurnished,142,North
1805,Al Maather,Villa,2024,Q4,478,4,4,2049000,4286.6,4,Furnished,23,Central
1806,Al Hamra,Villa,2023,Q1,500,6,6,2444000,4888.0,3,Unfurnished,64,Central
1807,Al Zahra,Villa,2023,Q4,359,4,4,1670000,4651.8,3,Unfurnished,17,East/West
1808,Al Rawdah,Apartment,2022,Q1,135,3,3,508000,3763.0,2,Semi-furnished,146,Central
1809,Al Olaya,Floor,2024,Q2,335,4,4,1401000,4182.1,0,Furnished,150,Central
1810,Al Olaya,Duplex,2023,Q2,303,5,5,1616000,5333.3,20,Semi-furnished,163,Central
1811,Al Yasmin,Apartment,2022,Q3,210,2,2,777000,3700.0,1,Semi-furnished,61,North
1812,Al Qirawan,Studio,2021,Q3,49,0,1,205000,4183.7,1,Unfurnished,103,North
1813,Al Sahafah,Floor,2021,Q4,406,3,3,966000,2379.3,5,Unfurnished,64,North
1814,Al Olaya,Apartment,2022,Q4,191,3,3,910000,4764.4,4,Furnished,93,Central
1815,Al Wurud,Villa,2024,Q1,461,5,5,3149000,6830.8,3,Furnished,78,Central
1816,Al Yasmin,Villa,2023,Q1,391,5,5,2368000,6056.3,2,Unfurnished,65,North
1817,Al Sahafah,Apartment,2023,Q1,120,3,3,408000,3400.0,2,Furnished,120,North
1818,Al Rabwah,Floor,2023,Q1,287,5,5,963000,3355.4,7,Unfurnished,138,East/West
1819,Al Hamra,Villa,2024,Q2,263,4,4,1360000,5171.1,1,Unfurnished,139,Central
1820,Al Qirawan,Apartment,2023,Q4,138,2,2,507000,3673.9,2,Furnished,78,North
1821,Al Dirah,Apartment,2022,Q2,137,3,3,342000,2496.4,1,Semi-furnished,36,East/West
1822,Al Nakheel,Duplex,2022,Q2,323,4,4,1440000,4458.2,3,Furnished,35,North
1823,Al Wurud,Villa,2022,Q1,373,6,6,2285000,6126.0,2,Unfurnished,42,Central
1824,Al Rajhi,Villa,2021,Q4,407,4,4,1623000,3987.7,2,Semi-furnished,129,North
1825,Al Qirawan,Apartment,2021,Q2,153,2,2,449000,2934.6,10,Furnished,85,North
1826,Al Dirah,Apartment,2022,Q3,160,4,4,408000,2550.0,0,Unfurnished,123,East/West
1827,Al Wurud,Apartment,2023,Q3,167,3,3,708000,4239.5,3,Semi-furnished,24,Central
1828,Al Dirah,Apartment,2022,Q2,150,4,4,394000,2626.7,5,Unfurnished,86,East/West
1829,Al Sahafah,Villa,2022,Q1,316,6,6,1689000,5344.9,7,Semi-furnished,137,North
1830,Al Maather,Floor,2023,Q4,374,4,4,871000,2328.9,3,Semi-furnished,91,Central
1831,Al Olaya,Apartment,2023,Q2,125,3,3,586000,4688.0,1,Semi-furnished,90,Central
1832,Al Maather,Studio,2021,Q2,67,0,1,226000,3373.1,5,Furnished,1,Central
1833,Al Batha,Apartment,2021,Q4,146,3,3,341000,2335.6,7,Unfurnished,31,East/West
1834,Al Malaz,Villa,2023,Q1,439,5,5,2145000,4886.1,15,Furnished,177,Central
1835,Al Sahafah,Villa,2021,Q3,628,4,4,2935000,4673.6,15,Furnished,25,North
1836,Al Dirah,Apartment,2021,Q1,168,3,3,388000,2309.5,1,Furnished,119,East/West
1837,Al Batha,Apartment,2024,Q3,156,3,3,467000,2993.6,1,Unfurnished,146,East/West
1838,Al Hamra,Apartment,2022,Q4,141,3,3,378000,2680.9,4,Unfurnished,147,Central
1839,Al Yasmin,Apartment,2024,Q2,108,3,3,409000,3787.0,15,Semi-furnished,124,North
1840,Al Sahafah,Apartment,2021,Q4,139,3,3,443000,3187.1,10,Furnished,136,North
1841,Al Olaya,Villa,2024,Q4,352,4,4,2656000,7545.5,20,Furnished,139,Central
1842,Al Narjis,Apartment,2021,Q1,195,2,2,621000,3184.6,0,Semi-furnished,161,North
1843,Al Yasmin,Apartment,2024,Q2,157,3,3,589000,3751.6,5,Furnished,9,North
1844,Al Maather,Apartment,2024,Q2,181,2,2,557000,3077.3,3,Furnished,118,Central
1845,Al Qirawan,Floor,2024,Q1,313,3,3,812000,2594.2,0,Semi-furnished,65,North
1846,Al Dirah,Apartment,2023,Q1,121,2,2,343000,2834.7,4,Unfurnished,123,East/West
1847,Al Wurud,Studio,2023,Q3,61,0,1,325000,5327.9,7,Semi-furnished,146,Central
1848,Al Rawdah,Duplex,2022,Q2,236,4,4,989000,4190.7,10,Semi-furnished,87,Central
1849,Al Rawdah,Apartment,2024,Q3,132,3,3,593000,4492.4,1,Unfurnished,58,Central
1850,Al Sulimaniyah,Villa,2024,Q3,558,6,6,4466000,8003.6,5,Unfurnished,89,Central
1851,Al Maather,Studio,2024,Q1,51,0,1,208000,4078.4,2,Furnished,154,Central
1852,Al Munsiyah,Villa,2022,Q1,307,5,5,1356000,4416.9,2,Furnished,154,East/West
1853,Al Sulimaniyah,Apartment,2022,Q1,92,3,3,366000,3978.3,10,Unfurnished,77,Central
1854,Al Malaz,Duplex,2021,Q4,204,3,3,710000,3480.4,0,Furnished,3,Central
1855,Al Sulimaniyah,Apartment,2022,Q4,183,3,3,739000,4038.3,10,Unfurnished,117,Central
1856,Al Olaya,Apartment,2022,Q1,128,2,2,594000,4640.6,3,Unfurnished,171,Central
1857,Al Zahra,Villa,2023,Q3,625,5,5,2757000,4411.2,20,Unfurnished,177,East/West
1858,Al Wurud,Duplex,2024,Q1,357,5,5,1850000,5182.1,20,Unfurnished,14,Central
1859,Al Zahra,Villa,2024,Q4,580,5,5,2963000,5108.6,3,Furnished,19,East/West
1860,Al Munsiyah,Villa,2023,Q1,502,5,5,2243000,4468.1,0,Furnished,2,East/West
1861,Al Arid,Apartment,2022,Q1,163,3,3,510000,3128.8,5,Unfurnished,143,North
1862,Al Malaz,Apartment,2021,Q3,120,2,2,317000,2641.7,4,Unfurnished,71,Central
1863,Al Munsiyah,Floor,2021,Q3,350,3,3,683000,1951.4,5,Unfurnished,106,East/West
1864,Al Malaz,Apartment,2022,Q4,166,2,2,532000,3204.8,10,Unfurnished,139,Central
1865,Al Yasmin,Floor,2023,Q4,407,4,4,1171000,2877.1,7,Semi-furnished,8,North
1866,Al Hamra,Apartment,2021,Q2,111,4,4,291000,2621.6,10,Unfurnished,157,Central
1867,Al Rawdah,Villa,2024,Q3,405,5,5,2583000,6377.8,2,Unfurnished,17,Central
1868,Al Yasmin,Duplex,2024,Q3,276,4,4,1297000,4699.3,20,Semi-furnished,175,North
1869,Al Rabwah,Apartment,2023,Q4,141,4,4,645000,4574.5,4,Unfurnished,57,East/West
1870,Al Rawdah,Duplex,2024,Q3,229,3,3,1162000,5074.2,15,Furnished,154,Central
1871,Al Arid,Apartment,2024,Q1,201,3,3,717000,3567.2,0,Unfurnished,116,North
1872,Al Zahra,Apartment,2022,Q1,138,4,4,419000,3036.2,2,Unfurnished,180,East/West
1873,Al Rabwah,Apartment,2024,Q1,116,3,3,532000,4586.2,1,Unfurnished,116,East/West
1874,Al Rajhi,Villa,2024,Q1,571,6,6,2576000,4511.4,0,Semi-furnished,172,North
1875,Al Sulimaniyah,Apartment,2022,Q1,191,3,3,806000,4219.9,0,Semi-furnished,82,Central
1876,Al Sulimaniyah,Villa,2023,Q2,431,6,6,2967000,6884.0,20,Furnished,36,Central
1877,Al Sulimaniyah,Villa,2022,Q4,279,4,4,1961000,7028.7,10,Unfurnished,15,Central
1878,Al Batha,Villa,2023,Q3,383,6,6,1673000,4368.1,4,Unfurnished,143,East/West
1879,Al Sulimaniyah,Apartment,2021,Q4,97,3,3,409000,4216.5,1,Semi-furnished,76,Central
1880,Al Maather,Duplex,2024,Q2,306,4,4,1087000,3552.3,5,Furnished,147,Central
1881,Al Olaya,Apartment,2023,Q1,129,4,4,632000,4899.2,2,Semi-furnished,77,Central
1882,Al Rajhi,Apartment,2022,Q4,144,4,4,388000,2694.4,5,Unfurnished,69,North
1883,Al Sulimaniyah,Villa,2021,Q1,562,4,4,3542000,6302.5,20,Furnished,135,Central
1884,Al Dirah,Floor,2021,Q4,314,3,3,555000,1767.5,1,Unfurnished,69,East/West
1885,Al Sahafah,Studio,2021,Q3,60,0,1,227000,3783.3,20,Semi-furnished,92,North
1886,Al Narjis,Studio,2023,Q3,63,0,1,326000,5174.6,0,Furnished,143,North
1887,Al Aqiq,Studio,2023,Q3,67,0,1,357000,5328.4,20,Furnished,116,East/West
1888,Al Malaz,Studio,2024,Q2,54,0,1,241000,4463.0,4,Unfurnished,18,Central
1889,Al Wurud,Villa,2024,Q3,404,5,5,2583000,6393.6,0,Unfurnished,114,Central
1890,Al Batha,Apartment,2021,Q4,138,2,2,308000,2231.9,7,Unfurnished,44,East/West
1891,Al Qirawan,Apartment,2022,Q4,156,3,3,518000,3320.5,20,Unfurnished,115,North
1892,Al Batha,Studio,2021,Q4,70,0,1,199000,2842.9,1,Furnished,14,East/West
1893,Al Munsiyah,Studio,2022,Q4,52,0,1,193000,3711.5,0,Semi-furnished,14,East/West
1894,Al Sulimaniyah,Apartment,2023,Q4,72,3,3,329000,4569.4,15,Unfurnished,114,Central
1895,Al Malaz,Apartment,2023,Q3,172,4,4,608000,3534.9,10,Semi-furnished,35,Central
1896,Al Olaya,Villa,2022,Q2,425,5,5,3136000,7378.8,2,Furnished,131,Central
1897,Al Wurud,Apartment,2024,Q2,160,2,2,651000,4068.8,10,Unfurnished,93,Central
1898,Al Hamra,Floor,2023,Q2,256,3,3,644000,2515.6,5,Semi-furnished,57,Central
1899,Al Sahafah,Floor,2024,Q4,318,4,4,994000,3125.8,7,Unfurnished,78,North
1900,Al Batha,Apartment,2021,Q4,169,3,3,373000,2207.1,3,Unfurnished,158,East/West
1901,Al Aqiq,Apartment,2021,Q1,107,3,3,401000,3747.7,2,Furnished,119,East/West
1902,Al Munsiyah,Apartment,2023,Q1,159,2,2,493000,3100.6,2,Unfurnished,144,East/West
1903,Al Qirawan,Villa,2024,Q3,417,4,4,2267000,5436.5,2,Unfurnished,160,North
1904,Al Rawdah,Villa,2024,Q4,361,5,5,2457000,6806.1,0,Unfurnished,9,Central
1905,Al Narjis,Villa,2021,Q4,355,6,6,1705000,4802.8,5,Furnished,116,North
1906,Al Batha,Floor,2024,Q3,289,5,5,676000,2339.1,15,Furnished,117,East/West
1907,Al Rawdah,Villa,2024,Q3,425,5,5,2837000,6675.3,0,Semi-furnished,89,Central
1908,Al Malaz,Apartment,2024,Q4,150,2,2,532000,3546.7,1,Semi-furnished,25,Central
1909,Al Rajhi,Studio,2024,Q2,51,0,1,196000,3843.1,15,Unfurnished,163,North
1910,Al Olaya,Floor,2021,Q3,286,4,4,875000,3059.4,0,Unfurnished,111,Central
1911,Al Hamra,Apartment,2022,Q2,57,4,4,178000,3122.8,15,Semi-furnished,160,Central
1912,Al Sulimaniyah,Villa,2021,Q2,455,5,5,2749000,6041.8,10,Unfurnished,17,Central
1913,Al Arid,Duplex,2023,Q2,325,3,3,1208000,3716.9,0,Furnished,39,North
1914,Al Hamra,Apartment,2021,Q3,164,3,3,411000,2506.1,3,Furnished,91,Central
1915,Al Wurud,Apartment,2023,Q4,207,4,4,858000,4144.9,0,Unfurnished,124,Central
1916,Al Batha,Villa,2022,Q4,405,5,5,1431000,3533.3,15,Furnished,6,East/West
1917,Al Aqiq,Villa,2023,Q1,530,6,6,3656000,6898.1,1,Unfurnished,92,East/West
1918,Al Malaz,Villa,2023,Q1,368,6,6,1759000,4779.9,2,Unfurnished,107,Central
1919,Al Aqiq,Villa,2024,Q1,356,4,4,2421000,6800.6,0,Semi-furnished,104,East/West
1920,Al Qirawan,Apartment,2021,Q3,149,3,3,419000,2812.1,0,Unfurnished,159,North
1921,Al Narjis,Villa,2022,Q2,550,5,5,2997000,5449.1,0,Furnished,164,North
1922,Al Dirah,Villa,2023,Q2,397,4,4,1720000,4332.5,1,Semi-furnished,26,East/West
1923,Al Olaya,Duplex,2024,Q3,202,4,4,1286000,6366.3,1,Semi-furnished,2,Central
1924,Al Munsiyah,Floor,2021,Q4,403,3,3,813000,2017.4,10,Unfurnished,179,East/West
1925,Al Qirawan,Villa,2022,Q2,414,5,5,2008000,4850.2,2,Unfurnished,64,North
1926,Al Maather,Apartment,2024,Q3,154,3,3,494000,3207.8,2,Unfurnished,94,Central
1927,Al Dirah,Villa,2023,Q1,360,5,5,1419000,3941.7,20,Unfurnished,6,East/West
1928,Al Batha,Duplex,2024,Q3,286,3,3,930000,3251.7,7,Semi-furnished,158,East/West
1929,Al Maather,Studio,2024,Q2,41,0,1,173000,4219.5,5,Semi-furnished,50,Central
1930,Al Sahafah,Apartment,2023,Q1,201,4,4,749000,3726.4,0,Furnished,167,North
1931,Al Wurud,Villa,2022,Q3,506,6,6,2888000,5707.5,0,Furnished,82,Central
1932,Al Sahafah,Apartment,2021,Q1,147,4,4,423000,2877.6,2,Semi-furnished,9,North
1933,Al Wurud,Apartment,2023,Q2,171,2,2,729000,4263.2,1,Unfurnished,15,Central
1934,Al Qirawan,Apartment,2023,Q2,126,4,4,460000,3650.8,15,Semi-furnished,108,North
1935,Al Yasmin,Villa,2023,Q2,502,5,5,3031000,6037.8,5,Unfurnished,16,North
1936,Al Batha,Floor,2024,Q2,330,3,3,693000,2100.0,4,Unfurnished,91,East/West
1937,Al Munsiyah,Villa,2024,Q4,388,6,6,2028000,5226.8,15,Furnished,139,East/West
1938,Al Rawdah,Duplex,2023,Q2,232,4,4,1076000,4637.9,10,Unfurnished,73,Central
1939,Al Olaya,Villa,2024,Q1,454,5,5,3662000,8066.1,0,Unfurnished,148,Central
1940,Al Batha,Villa,2023,Q1,422,5,5,1870000,4431.3,0,Unfurnished,90,East/West
1941,Al Qirawan,Studio,2022,Q3,69,0,1,286000,4144.9,7,Furnished,1,North
1942,Al Dirah,Studio,2021,Q2,44,0,1,139000,3159.1,15,Unfurnished,11,East/West
1943,Al Nakheel,Apartment,2024,Q2,158,3,3,645000,4082.3,5,Unfurnished,115,North
1944,Al Yasmin,Apartment,2022,Q2,181,3,3,645000,3563.5,2,Furnished,106,North
1945,Al Munsiyah,Duplex,2024,Q4,409,5,5,1645000,4022.0,0,Furnished,22,East/West
1946,Al Hamra,Apartment,2023,Q1,151,4,4,452000,2993.4,4,Unfurnished,50,Central
1947,Al Yasmin,Apartment,2022,Q3,134,4,4,488000,3641.8,1,Unfurnished,102,North
1948,Al Zahra,Duplex,2022,Q3,288,5,5,1004000,3486.1,4,Semi-furnished,110,East/West
1949,Al Yasmin,Villa,2023,Q2,525,6,6,2888000,5501.0,0,Semi-furnished,29,North
1950,Al Nakheel,Duplex,2024,Q4,346,4,4,1663000,4806.4,15,Furnished,161,North
1951,Al Sulimaniyah,Floor,2021,Q3,343,4,4,1031000,3005.8,10,Unfurnished,152,Central
1952,Al Yasmin,Apartment,2024,Q4,184,3,3,708000,3847.8,4,Unfurnished,41,North
1953,Al Yasmin,Villa,2022,Q1,418,5,5,2073000,4959.3,10,Semi-furnished,65,North
1954,Al Sulimaniyah,Villa,2021,Q3,487,5,5,2771000,5689.9,5,Unfurnished,64,Central
1955,Al Dirah,Studio,2022,Q1,60,0,1,185000,3083.3,5,Furnished,94,East/West
1956,Al Nakheel,Apartment,2022,Q1,133,3,3,475000,3571.4,20,Furnished,127,North
1957,Al Rawdah,Studio,2022,Q3,46,0,1,233000,5065.2,5,Unfurnished,161,Central
1958,Al Batha,Villa,2023,Q1,517,6,6,2081000,4025.1,1,Semi-furnished,11,East/West
1959,Al Sahafah,Villa,2023,Q1,542,4,4,3093000,5706.6,15,Unfurnished,138,North
1960,Al Malaz,Apartment,2021,Q4,157,2,2,455000,2898.1,10,Furnished,90,Central
1961,Al Qirawan,Duplex,2024,Q4,279,4,4,1126000,4035.8,0,Semi-furnished,36,North
1962,Al Dirah,Studio,2021,Q4,43,0,1,132000,3069.8,0,Unfurnished,99,East/West
1963,Al Nakheel,Villa,2023,Q3,515,6,6,2842000,5518.4,1,Furnished,2,North
1964,Al Sulimaniyah,Duplex,2021,Q1,294,3,3,1316000,4476.2,0,Furnished,8,Central
1965,Al Munsiyah,Villa,2022,Q3,399,6,6,1800000,4511.3,0,Furnished,46,East/West
1966,Al Maather,Apartment,2023,Q2,171,4,4,508000,2970.8,2,Unfurnished,95,Central
1967,Al Narjis,Apartment,2021,Q1,105,3,3,329000,3133.3,0,Semi-furnished,152,North
1968,Al Aqiq,Apartment,2022,Q1,115,3,3,426000,3704.3,7,Unfurnished,82,East/West
1969,Al Nakheel,Apartment,2021,Q3,125,3,3,403000,3224.0,0,Semi-furnished,70,North
1970,Al Olaya,Studio,2024,Q4,60,0,1,436000,7266.7,1,Unfurnished,10,Central
1971,Al Arid,Apartment,2023,Q1,150,3,3,503000,3353.3,2,Semi-furnished,79,North
1972,Al Sulimaniyah,Duplex,2021,Q1,312,4,4,1405000,4503.2,5,Unfurnished,94,Central
1973,Al Yasmin,Floor,2024,Q2,417,5,5,1350000,3237.4,20,Furnished,45,North
1974,Al Maather,Apartment,2024,Q1,165,3,3,472000,2860.6,1,Unfurnished,139,Central
1975,Al Olaya,Apartment,2023,Q3,202,3,3,984000,4871.3,3,Unfurnished,174,Central
1976,Al Rabwah,Villa,2022,Q4,509,5,5,3171000,6229.9,5,Semi-furnished,80,East/West
1977,Al Narjis,Duplex,2023,Q3,274,4,4,1152000,4204.4,1,Semi-furnished,119,North
1978,Al Qirawan,Apartment,2021,Q2,129,4,4,396000,3069.8,7,Furnished,129,North
1979,Al Narjis,Floor,2021,Q3,345,3,3,886000,2568.1,0,Unfurnished,92,North
1980,Al Qirawan,Apartment,2023,Q4,166,2,2,555000,3343.4,0,Unfurnished,65,North
1981,Al Sulimaniyah,Studio,2023,Q4,51,0,1,335000,6568.6,0,Semi-furnished,165,Central
1982,Al Olaya,Apartment,2022,Q3,167,3,3,699000,4185.6,0,Unfurnished,69,Central
1983,Al Rawdah,Floor,2022,Q4,387,5,5,1181000,3051.7,4,Unfurnished,49,Central
1984,Al Batha,Apartment,2022,Q3,117,3,3,308000,2632.5,2,Semi-furnished,125,East/West
1985,Al Zahra,Duplex,2024,Q3,334,4,4,1248000,3736.5,7,Unfurnished,81,East/West
1986,Al Sulimaniyah,Apartment,2022,Q2,156,4,4,630000,4038.5,2,Furnished,74,Central
1987,Al Aqiq,Floor,2024,Q2,460,3,3,1560000,3391.3,0,Furnished,100,East/West
1988,Al Rabwah,Duplex,2022,Q1,279,3,3,1287000,4612.9,0,Semi-furnished,166,East/West
1989,Al Sulimaniyah,Apartment,2024,Q2,136,3,3,685000,5036.8,5,Unfurnished,179,Central
1990,Al Malaz,Apartment,2023,Q4,113,4,4,390000,3451.3,10,Unfurnished,133,Central
1991,Al Batha,Studio,2021,Q2,44,0,1,125000,2840.9,2,Furnished,131,East/West
1992,Al Narjis,Floor,2021,Q2,407,3,3,1041000,2557.7,5,Semi-furnished,105,North
1993,Al Sulimaniyah,Apartment,2024,Q3,196,3,3,923000,4709.2,15,Unfurnished,78,Central
1994,Al Narjis,Villa,2023,Q1,412,5,5,2401000,5827.7,2,Unfurnished,41,North
1995,Al Yasmin,Apartment,2023,Q1,140,3,3,483000,3450.0,1,Semi-furnished,136,North
1996,Al Olaya,Villa,2021,Q2,426,4,4,2531000,5941.3,1,Semi-furnished,103,Central
1997,Al Zahra,Villa,2024,Q3,513,6,6,2714000,5290.4,4,Furnished,25,East/West
1998,Al Narjis,Duplex,2021,Q3,234,4,4,802000,3427.4,1,Unfurnished,82,North
1999,Al Aqiq,Duplex,2021,Q3,292,5,5,1351000,4626.7,10,Unfurnished,152,East/West
2000,Al Malaz,Floor,2021,Q2,409,5,5,947000,2315.4,1,Unfurnished,88,Central
2001,Al Yasmin,Duplex,2023,Q2,305,3,3,1347000,4416.4,3,Unfurnished,111,North
2002,Al Yasmin,Apartment,2023,Q4,64,3,3,232000,3625.0,7,Furnished,55,North
2003,Al Qirawan,Studio,2024,Q4,62,0,1,296000,4774.2,0,Furnished,159,North
2004,Al Arid,Villa,2024,Q3,461,4,4,2542000,5514.1,4,Unfurnished,21,North
2005,Al Hamra,Duplex,2024,Q4,349,4,4,1353000,3876.8,1,Furnished,154,Central
2006,Al Sulimaniyah,Apartment,2023,Q3,193,3,3,916000,4746.1,3,Furnished,10,Central
2007,Al Rabwah,Duplex,2023,Q1,346,5,5,1843000,5326.6,5,Furnished,38,East/West
2008,Al Nakheel,Floor,2023,Q2,355,3,3,997000,2808.5,10,Unfurnished,64,North
2009,Al Maather,Apartment,2021,Q2,97,3,3,234000,2412.4,3,Unfurnished,53,Central
2010,Al Yasmin,Studio,2023,Q4,77,0,1,406000,5272.7,15,Semi-furnished,95,North
2011,Al Aqiq,Apartment,2024,Q1,140,3,3,654000,4671.4,1,Semi-furnished,45,East/West
2012,Al Narjis,Duplex,2024,Q4,282,4,4,1309000,4641.8,0,Unfurnished,138,North
2013,Al Sulimaniyah,Apartment,2022,Q1,196,4,4,788000,4020.4,3,Unfurnished,55,Central
2014,Al Zahra,Apartment,2023,Q4,123,4,4,382000,3105.7,1,Unfurnished,51,East/West
2015,Al Arid,Studio,2022,Q4,42,0,1,153000,3642.9,10,Unfurnished,82,North
2016,Al Batha,Floor,2024,Q2,324,5,5,770000,2376.5,0,Unfurnished,26,East/West
2017,Al Rawdah,Apartment,2022,Q2,124,4,4,445000,3588.7,3,Semi-furnished,95,Central
2018,Al Batha,Duplex,2021,Q4,210,5,5,580000,2761.9,2,Furnished,58,East/West
2019,Al Batha,Villa,2021,Q3,413,6,6,1404000,3399.5,20,Furnished,84,East/West
2020,Al Rabwah,Villa,2021,Q1,427,6,6,2252000,5274.0,10,Furnished,135,East/West
2021,Al Yasmin,Apartment,2021,Q1,101,4,4,296000,2930.7,10,Unfurnished,135,North
2022,Al Maather,Villa,2021,Q3,395,5,5,1550000,3924.1,20,Unfurnished,95,Central
2023,Al Dirah,Studio,2022,Q2,47,0,1,153000,3255.3,5,Unfurnished,38,East/West
2024,Al Rajhi,Floor,2022,Q2,237,4,4,531000,2240.5,1,Unfurnished,179,North
2025,Al Olaya,Apartment,2022,Q2,148,2,2,660000,4459.5,0,Unfurnished,29,Central
2026,Al Munsiyah,Villa,2022,Q3,437,5,5,1755000,4016.0,15,Semi-furnished,106,East/West
2027,Al Arid,Apartment,2024,Q3,122,3,3,406000,3327.9,10,Furnished,48,North
2028,Al Nakheel,Apartment,2024,Q3,177,3,3,730000,4124.3,0,Furnished,39,North
2029,Al Dirah,Apartment,2022,Q4,146,2,2,368000,2520.5,0,Semi-furnished,77,East/West
2030,Al Rabwah,Apartment,2021,Q2,124,4,4,461000,3717.7,4,Unfurnished,94,East/West
2031,Al Aqiq,Apartment,2022,Q2,100,3,3,395000,3950.0,3,Unfurnished,46,East/West
2032,Al Nakheel,Villa,2024,Q3,441,5,5,2818000,6390.0,10,Unfurnished,77,North
2033,Al Dirah,Villa,2022,Q4,461,4,4,1658000,3596.5,3,Unfurnished,2,East/West
2034,Al Arid,Apartment,2023,Q3,131,2,2,405000,3091.6,2,Unfurnished,8,North
2035,Al Narjis,Apartment,2021,Q1,149,4,4,433000,2906.0,4,Semi-furnished,136,North
2036,Al Nakheel,Apartment,2021,Q2,193,3,3,603000,3124.4,15,Furnished,80,North
2037,Al Malaz,Apartment,2023,Q2,172,2,2,561000,3261.6,1,Semi-furnished,130,Central
2038,Al Munsiyah,Villa,2024,Q4,248,5,5,1145000,4616.9,0,Furnished,32,East/West
2039,Al Malaz,Apartment,2022,Q4,123,3,3,372000,3024.4,5,Furnished,84,Central
2040,Al Rawdah,Villa,2024,Q1,409,5,5,2459000,6012.2,0,Unfurnished,113,Central
2041,Al Olaya,Duplex,2021,Q2,284,5,5,1365000,4806.3,20,Unfurnished,123,Central
2042,Al Sahafah,Duplex,2022,Q3,288,5,5,1140000,3958.3,2,Unfurnished,75,North
2043,Al Sahafah,Apartment,2022,Q2,158,3,3,508000,3215.2,0,Unfurnished,66,North
2044,Al Aqiq,Villa,2022,Q1,412,5,5,2563000,6220.9,3,Unfurnished,123,East/West
2045,Al Arid,Apartment,2023,Q1,146,3,3,501000,3431.5,1,Semi-furnished,94,North
2046,Al Yasmin,Villa,2024,Q3,496,4,4,3087000,6223.8,7,Unfurnished,157,North
2047,Al Olaya,Apartment,2024,Q3,154,3,3,753000,4889.6,2,Unfurnished,34,Central
2048,Al Olaya,Villa,2024,Q4,329,5,5,2402000,7300.9,10,Unfurnished,87,Central
2049,Al Hamra,Apartment,2022,Q1,148,4,4,425000,2871.6,3,Furnished,93,Central
2050,Al Arid,Studio,2022,Q2,54,0,1,214000,3963.0,2,Semi-furnished,145,North
2051,Al Zahra,Apartment,2024,Q1,89,3,3,273000,3067.4,2,Furnished,155,East/West
2052,Al Sulimaniyah,Apartment,2022,Q2,150,3,3,631000,4206.7,2,Unfurnished,124,Central
2053,Al Sahafah,Studio,2024,Q4,45,0,1,232000,5155.6,2,Semi-furnished,72,North
2054,Al Rajhi,Studio,2024,Q4,65,0,1,276000,4246.2,10,Unfurnished,40,North
2055,Al Dirah,Apartment,2022,Q3,158,3,3,381000,2411.4,5,Unfurnished,14,East/West
2056,Al Qirawan,Apartment,2022,Q1,109,3,3,337000,3091.7,2,Unfurnished,77,North
2057,Al Arid,Apartment,2024,Q1,173,3,3,618000,3572.3,3,Unfurnished,20,North
2058,Al Rawdah,Apartment,2021,Q4,187,2,2,672000,3593.6,5,Unfurnished,82,Central
2059,Al Rabwah,Duplex,2024,Q4,267,4,4,1544000,5782.8,10,Furnished,146,East/West
2060,Al Zahra,Villa,2024,Q3,409,5,5,1996000,4880.2,4,Unfurnished,122,East/West
2061,Al Wurud,Apartment,2023,Q2,169,4,4,708000,4189.3,2,Furnished,89,Central
2062,Al Munsiyah,Apartment,2023,Q3,184,4,4,580000,3152.2,5,Furnished,65,East/West
2063,Al Olaya,Villa,2023,Q1,287,4,4,2209000,7696.9,10,Furnished,16,Central
2064,Al Nakheel,Apartment,2022,Q4,112,4,4,398000,3553.6,7,Furnished,149,North
2065,Al Aqiq,Villa,2021,Q1,387,4,4,2057000,5315.2,5,Unfurnished,147,East/West
2066,Al Nakheel,Apartment,2021,Q3,136,3,3,428000,3147.1,1,Unfurnished,130,North
2067,Al Rawdah,Studio,2024,Q1,63,0,1,325000,5158.7,4,Semi-furnished,44,Central
2068,Al Malaz,Apartment,2024,Q2,184,4,4,631000,3429.3,4,Furnished,72,Central
2069,Al Yasmin,Duplex,2023,Q1,350,4,4,1424000,4068.6,7,Furnished,84,North
2070,Al Rajhi,Apartment,2022,Q1,94,3,3,263000,2797.9,2,Unfurnished,149,North
2071,Al Batha,Villa,2023,Q4,356,5,5,1493000,4193.8,2,Semi-furnished,28,East/West
2072,Al Rabwah,Apartment,2022,Q4,108,3,3,474000,4388.9,15,Semi-furnished,114,East/West
2073,Al Maather,Floor,2021,Q2,314,4,4,590000,1879.0,3,Unfurnished,29,Central
2074,Al Batha,Apartment,2023,Q4,121,4,4,327000,2702.5,10,Semi-furnished,68,East/West
2075,Al Maather,Apartment,2021,Q1,158,4,4,360000,2278.5,5,Furnished,29,Central
2076,Al Hamra,Villa,2023,Q2,464,5,5,2183000,4704.7,7,Unfurnished,124,Central
2077,Al Rajhi,Villa,2024,Q2,421,6,6,1853000,4401.4,15,Unfurnished,167,North
2078,Al Yasmin,Villa,2021,Q3,413,4,4,1892000,4581.1,5,Unfurnished,76,North
2079,Al Sahafah,Villa,2022,Q2,390,4,4,1799000,4612.8,5,Furnished,113,North
2080,Al Rawdah,Floor,2021,Q4,334,4,4,849000,2541.9,10,Furnished,85,Central
2081,Al Sahafah,Apartment,2023,Q1,193,2,2,731000,3787.6,1,Unfurnished,179,North
2082,Al Yasmin,Floor,2021,Q3,392,5,5,977000,2492.3,20,Furnished,6,North
2083,Al Sulimaniyah,Studio,2024,Q4,52,0,1,358000,6884.6,4,Unfurnished,110,Central
2084,Al Maather,Duplex,2024,Q4,275,4,4,965000,3509.1,10,Unfurnished,129,Central
2085,Al Aqiq,Villa,2024,Q4,456,5,5,3107000,6813.6,10,Unfurnished,143,East/West
2086,Al Yasmin,Apartment,2023,Q2,109,3,3,410000,3761.5,0,Unfurnished,14,North
2087,Al Rabwah,Duplex,2023,Q3,287,5,5,1491000,5195.1,7,Unfurnished,107,East/West
2088,Al Wurud,Apartment,2023,Q1,164,3,3,672000,4097.6,2,Semi-furnished,29,Central
2089,Al Arid,Villa,2024,Q3,460,5,5,2311000,5023.9,2,Unfurnished,115,North
2090,Al Olaya,Studio,2023,Q2,47,0,1,283000,6021.3,4,Semi-furnished,94,Central
2091,Al Rabwah,Villa,2022,Q3,370,5,5,2231000,6029.7,15,Unfurnished,31,East/West
2092,Al Aqiq,Villa,2024,Q4,262,5,5,1855000,7080.2,2,Furnished,51,East/West
2093,Al Nakheel,Villa,2023,Q4,480,5,5,2681000,5585.4,1,Unfurnished,72,North
2094,Al Nakheel,Floor,2021,Q3,474,5,5,1213000,2559.1,4,Furnished,144,North
2095,Al Yasmin,Duplex,2022,Q2,234,4,4,928000,3965.8,1,Furnished,134,North
2096,Al Rawdah,Studio,2022,Q3,66,0,1,327000,4954.5,5,Unfurnished,84,Central
2097,Al Maather,Studio,2021,Q3,75,0,1,232000,3093.3,3,Unfurnished,18,Central
2098,Al Batha,Apartment,2024,Q3,131,2,2,375000,2862.6,15,Semi-furnished,36,East/West
2099,Al Dirah,Duplex,2021,Q3,275,4,4,733000,2665.5,1,Unfurnished,93,East/West
2100,Al Arid,Apartment,2022,Q3,153,3,3,457000,2986.9,20,Semi-furnished,88,North
2101,Al Rajhi,Studio,2024,Q4,60,0,1,262000,4366.7,7,Furnished,156,North
2102,Al Rajhi,Villa,2022,Q2,445,5,5,1731000,3889.9,4,Unfurnished,96,North
2103,Al Nakheel,Duplex,2022,Q2,260,4,4,1147000,4411.5,10,Semi-furnished,110,North
2104,Al Yasmin,Apartment,2024,Q4,164,3,3,694000,4231.7,20,Semi-furnished,67,North
2105,Al Arid,Apartment,2023,Q3,134,4,4,407000,3037.3,3,Unfurnished,138,North
2106,Al Hamra,Apartment,2024,Q3,156,3,3,520000,3333.3,10,Furnished,120,Central
2107,Al Narjis,Apartment,2023,Q1,144,3,3,558000,3875.0,5,Unfurnished,144,North
2108,Al Dirah,Villa,2023,Q1,278,5,5,1079000,3881.3,10,Semi-furnished,107,East/West
2109,Al Malaz,Duplex,2024,Q4,343,4,4,1347000,3927.1,0,Unfurnished,50,Central
2110,Al Munsiyah,Villa,2023,Q1,372,4,4,1729000,4647.8,20,Unfurnished,149,East/West
2111,Al Wurud,Villa,2022,Q1,530,5,5,3072000,5796.2,5,Unfurnished,101,Central
2112,Al Arid,Duplex,2022,Q1,333,4,4,1248000,3747.7,15,Furnished,85,North
2113,Al Zahra,Apartment,2022,Q3,152,3,3,431000,2835.5,7,Unfurnished,146,East/West
2114,Al Malaz,Studio,2021,Q3,60,0,1,227000,3783.3,15,Unfurnished,97,Central
2115,Al Arid,Villa,2021,Q1,472,5,5,2119000,4489.4,15,Furnished,167,North
2116,Al Dirah,Duplex,2022,Q1,270,4,4,815000,3018.5,15,Semi-furnished,28,East/West
2117,Al Rajhi,Apartment,2023,Q4,140,4,4,409000,2921.4,2,Unfurnished,71,North
2118,Al Olaya,Apartment,2024,Q2,163,3,3,866000,5312.9,3,Unfurnished,139,Central
2119,Al Batha,Floor,2022,Q2,174,3,3,358000,2057.5,0,Unfurnished,171,East/West
2120,Al Malaz,Duplex,2023,Q1,279,4,4,1118000,4007.2,1,Unfurnished,77,Central
2121,Al Narjis,Apartment,2022,Q3,133,2,2,465000,3496.2,15,Unfurnished,80,North
2122,Al Sahafah,Apartment,2024,Q4,122,4,4,445000,3647.5,5,Furnished,175,North
2123,Al Aqiq,Studio,2021,Q2,59,0,1,282000,4779.7,5,Unfurnished,58,East/West
2124,Al Sahafah,Apartment,2021,Q3,126,4,4,365000,2896.8,0,Unfurnished,76,North
2125,Al Nakheel,Apartment,2023,Q1,171,4,4,715000,4181.3,0,Unfurnished,71,North
2126,Al Rabwah,Apartment,2023,Q3,174,2,2,741000,4258.6,5,Furnished,29,East/West
2127,Al Rabwah,Duplex,2021,Q2,306,4,4,1245000,4068.6,3,Furnished,94,East/West
2128,Al Wurud,Duplex,2022,Q3,316,4,4,1467000,4642.4,1,Unfurnished,68,Central
2129,Al Narjis,Villa,2021,Q1,461,6,6,2068000,4485.9,10,Furnished,74,North
2130,Al Maather,Apartment,2022,Q2,169,2,2,461000,2727.8,0,Semi-furnished,21,Central
2131,Al Rabwah,Villa,2024,Q4,480,5,5,3553000,7402.1,4,Semi-furnished,24,East/West
2132,Al Maather,Apartment,2021,Q4,156,4,4,359000,2301.3,4,Semi-furnished,26,Central
2133,Al Rawdah,Duplex,2024,Q3,334,4,4,1655000,4955.1,1,Unfurnished,60,Central
2134,Al Zahra,Duplex,2023,Q2,272,5,5,979000,3599.3,0,Unfurnished,154,East/West
2135,Al Hamra,Villa,2022,Q2,360,4,4,1482000,4116.7,1,Unfurnished,103,Central
2136,Al Rabwah,Studio,2022,Q4,47,0,1,264000,5617.0,1,Unfurnished,135,East/West
2137,Al Aqiq,Floor,2023,Q2,332,5,5,1187000,3575.3,3,Furnished,155,East/West
2138,Al Aqiq,Apartment,2023,Q4,88,2,2,356000,4045.5,20,Semi-furnished,22,East/West
2139,Al Arid,Apartment,2023,Q3,151,4,4,486000,3218.5,1,Semi-furnished,160,North
2140,Al Aqiq,Apartment,2022,Q1,165,3,3,613000,3715.2,15,Unfurnished,145,East/West
2141,Al Munsiyah,Villa,2022,Q3,495,5,5,1974000,3987.9,7,Unfurnished,152,East/West
2142,Al Wurud,Villa,2024,Q2,291,6,6,1856000,6378.0,3,Unfurnished,76,Central
2143,Al Rabwah,Villa,2022,Q3,359,5,5,2142000,5966.6,5,Unfurnished,167,East/West
2144,Al Dirah,Villa,2021,Q1,486,5,5,1622000,3337.4,15,Semi-furnished,146,East/West
2145,Al Qirawan,Apartment,2022,Q4,139,4,4,442000,3179.9,0,Semi-furnished,50,North
2146,Al Hamra,Apartment,2022,Q2,164,4,4,514000,3134.1,0,Furnished,57,Central
2147,Al Nakheel,Duplex,2024,Q2,218,4,4,1072000,4917.4,10,Unfurnished,13,North
2148,Al Rajhi,Studio,2021,Q4,69,0,1,215000,3115.9,5,Semi-furnished,125,North
2149,Al Rabwah,Duplex,2022,Q1,215,4,4,1088000,5060.5,4,Unfurnished,78,East/West
2150,Al Malaz,Villa,2023,Q3,178,6,6,911000,5118.0,15,Semi-furnished,15,Central
2151,Al Nakheel,Duplex,2024,Q2,289,4,4,1426000,4934.3,1,Semi-furnished,149,North
2152,Al Rabwah,Villa,2024,Q4,437,4,4,2975000,6807.8,0,Semi-furnished,43,East/West
2153,Al Batha,Duplex,2024,Q4,255,4,4,888000,3482.4,5,Unfurnished,170,East/West
2154,Al Sulimaniyah,Duplex,2021,Q2,304,3,3,1435000,4720.4,2,Unfurnished,6,Central
2155,Al Zahra,Studio,2023,Q3,60,0,1,247000,4116.7,3,Furnished,83,East/West
2156,Al Narjis,Duplex,2022,Q2,300,5,5,1144000,3813.3,15,Semi-furnished,61,North
2157,Al Dirah,Villa,2022,Q3,379,4,4,1406000,3709.8,3,Unfurnished,116,East/West
2158,Al Hamra,Apartment,2024,Q3,124,3,3,423000,3411.3,20,Unfurnished,21,Central
2159,Al Batha,Apartment,2023,Q2,133,4,4,335000,2518.8,0,Unfurnished,158,East/West
2160,Al Hamra,Studio,2022,Q3,47,0,1,166000,3531.9,0,Semi-furnished,147,Central
2161,Al Arid,Villa,2021,Q3,510,4,4,2138000,4192.2,5,Unfurnished,50,North
2162,Al Rabwah,Apartment,2022,Q2,135,3,3,579000,4288.9,0,Furnished,4,East/West
2163,Al Dirah,Villa,2024,Q4,432,5,5,1694000,3921.3,5,Unfurnished,160,East/West
2164,Al Hamra,Duplex,2023,Q3,321,4,4,1150000,3582.6,2,Unfurnished,173,Central
2165,Al Wurud,Apartment,2022,Q2,119,2,2,425000,3571.4,10,Unfurnished,130,Central
2166,Al Maather,Studio,2022,Q4,42,0,1,155000,3690.5,3,Unfurnished,12,Central
2167,Al Yasmin,Apartment,2024,Q1,120,3,3,460000,3833.3,7,Furnished,130,North
2168,Al Batha,Apartment,2021,Q4,153,4,4,351000,2294.1,7,Unfurnished,126,East/West
2169,Al Arid,Apartment,2024,Q2,151,3,3,549000,3635.8,10,Unfurnished,140,North
2170,Al Rawdah,Villa,2024,Q2,451,5,5,2716000,6022.2,0,Semi-furnished,132,Central
2171,Al Rajhi,Apartment,2024,Q4,142,4,4,457000,3218.3,15,Furnished,57,North
2172,Al Yasmin,Duplex,2023,Q4,158,4,4,705000,4462.0,1,Unfurnished,117,North
2173,Al Rawdah,Apartment,2021,Q3,141,2,2,498000,3531.9,3,Furnished,174,Central
2174,Al Aqiq,Apartment,2023,Q4,174,3,3,811000,4660.9,20,Furnished,112,East/West
2175,Al Yasmin,Villa,2023,Q1,519,5,5,3065000,5905.6,7,Semi-furnished,32,North
2176,Al Wurud,Studio,2024,Q1,56,0,1,313000,5589.3,0,Unfurnished,107,Central
2177,Al Yasmin,Studio,2024,Q2,57,0,1,278000,4877.2,5,Unfurnished,81,North
2178,Al Nakheel,Duplex,2021,Q3,311,4,4,1126000,3620.6,20,Unfurnished,143,North
2179,Al Malaz,Apartment,2024,Q1,181,2,2,623000,3442.0,7,Furnished,25,Central
2180,Al Sahafah,Apartment,2024,Q4,145,4,4,541000,3731.0,0,Furnished,102,North
2181,Al Dirah,Apartment,2024,Q3,163,2,2,454000,2785.3,2,Unfurnished,163,East/West
2182,Al Maather,Apartment,2023,Q1,128,2,2,361000,2820.3,1,Semi-furnished,10,Central
2183,Al Sulimaniyah,Duplex,2022,Q3,219,4,4,1028000,4694.1,20,Semi-furnished,129,Central
2184,Al Rawdah,Duplex,2024,Q2,257,3,3,1342000,5221.8,15,Furnished,53,Central
2185,Al Qirawan,Duplex,2023,Q2,353,4,4,1509000,4274.8,0,Furnished,45,North
2186,Al Narjis,Studio,2024,Q3,61,0,1,311000,5098.4,0,Semi-furnished,68,North
2187,Al Sahafah,Studio,2024,Q3,44,0,1,232000,5272.7,10,Furnished,125,North
2188,Al Rawdah,Villa,2021,Q2,474,5,5,2506000,5286.9,2,Semi-furnished,47,Central
2189,Al Hamra,Apartment,2023,Q3,113,3,3,344000,3044.2,15,Semi-furnished,172,Central
2190,Al Maather,Studio,2022,Q2,59,0,1,215000,3644.1,0,Furnished,70,Central
2191,Al Rawdah,Duplex,2021,Q2,235,4,4,913000,3885.1,0,Unfurnished,8,Central
2192,Al Aqiq,Duplex,2022,Q2,221,3,3,1072000,4850.7,2,Semi-furnished,166,East/West
2193,Al Munsiyah,Villa,2021,Q4,551,5,5,2079000,3773.1,0,Furnished,35,East/West
2194,Al Zahra,Apartment,2024,Q1,135,3,3,437000,3237.0,5,Unfurnished,21,East/West
2195,Al Rawdah,Villa,2021,Q2,468,4,4,2260000,4829.1,15,Unfurnished,2,Central
2196,Al Olaya,Villa,2024,Q1,423,4,4,3225000,7624.1,7,Semi-furnished,169,Central
2197,Al Hamra,Apartment,2024,Q4,115,3,3,405000,3521.7,20,Unfurnished,87,Central
2198,Al Wurud,Villa,2023,Q2,402,5,5,2525000,6281.1,20,Semi-furnished,67,Central
2199,Al Olaya,Villa,2023,Q2,340,6,6,2502000,7358.8,15,Semi-furnished,178,Central
